month,Futurology_AR,Futurology_,technology_AR,technology_,science_AR,science_,askscience_AR,askscience_,gadgets_AR,gadgets_,books_AR,books_,scifi_AR,scifi_,movies_AR,movies_,gaming_AR,gaming_,television_AR,television_,news_AR,news_,worldnews_AR,worldnews_,politics_AR,politics_,philosophy_AR,philosophy_,AskReddit_AR,AskReddit_,todayilearned_AR,todayilearned_,explainlikeimfive_AR,explainlikeimfive_
2006-10-01,,,,,1,562,,,,,,,,,,,,,,,,,,,,,,,,,,,,
2006-11-01,,,,,0,1798,,,,,,,,,,,,,,,,,,,,,,,,,,,,
2006-12-01,,,,,0,1848,,,,,,,,,,,,,,,,,,,,,,,,,,,,
2007-01-01,,,,,0,2018,,,,,,,,,,,,,,,,,,,,,,,,,,,,
2007-02-01,,,,,0,2605,,,,,,,,,,,,,,,,,,,,,,,,,,,,
2007-03-01,,,,,0,3946,,,,,,,,,,,,,,,,,,,,,,,,,,,,
2007-04-01,,,,,0,3588,,,,,,,,,,,,,,,,,,,,,,,,,,,,
2007-05-01,,,,,0,4817,,,,,,,,,,,,,,,,,,,,,,,,,,,,
2007-06-01,,,,,1,4351,,,,,,,,,,,,,,,,,,,,,,,,,,,,
2007-07-01,,,,,0,5039,,,,,,,,,,,,,,,,,,,,,,,,,,,,
2007-08-01,,,,,0,6520,,,,,,,,,,,,,,,,,,,1.0,18816.0,,,,,,,,
2007-09-01,,,,,0,6338,,,,173.0,,,,,,,,559.0,,,,,,,4.0,35566.0,,,,,,,,
2007-10-01,,,,,1,12404,,,,473.0,,,,,,,,1048.0,,,,,,,7.0,57280.0,,,,,,,,
2007-11-01,,,,,3,17082,,,,1033.0,,,,,,,1.0,1780.0,,,,,,,6.0,88473.0,,,,,,,,
2007-12-01,,,,,1,15996,,,,929.0,,,,,,,0.0,1915.0,,,,,,,11.0,112025.0,,,,,,,,
2008-01-01,,,,10.0,1,18611,,,,1571.0,,5.0,,,,1.0,0.0,2376.0,,,,,,11.0,20.0,144953.0,,25.0,,144.0,,,,
2008-02-01,,,,1563.0,0,16635,,,,1181.0,,28.0,,25.0,,9.0,1.0,3972.0,,1.0,,11.0,,1399.0,17.0,109893.0,,113.0,,859.0,,,,
2008-03-01,,,,2645.0,2,22874,,,,1714.0,,71.0,,254.0,,11.0,1.0,9313.0,,0.0,,95.0,,12725.0,10.0,83375.0,,548.0,,1133.0,,,,
2008-04-01,,,,9460.0,6,31727,,,2.0,2253.0,,120.0,,508.0,,56.0,1.0,10156.0,,4.0,,171.0,7.0,28143.0,10.0,64532.0,,926.0,1.0,4738.0,,,,
2008-05-01,,,3.0,21807.0,3,35560,,,0.0,1864.0,,45.0,,1444.0,,74.0,0.0,8085.0,,7.0,,342.0,6.0,33351.0,14.0,74204.0,,670.0,3.0,6154.0,,,,
2008-06-01,,,0.0,27461.0,2,30926,,,0.0,2895.0,,428.0,,946.0,,249.0,1.0,11242.0,,2.0,,906.0,6.0,37939.0,9.0,74453.0,,1162.0,4.0,14123.0,,,,
2008-07-01,,,8.0,25020.0,3,27827,,,2.0,2886.0,,105.0,,1603.0,,387.0,0.0,13162.0,,5.0,,1644.0,3.0,38002.0,9.0,69812.0,,1645.0,1.0,16598.0,,,,
2008-08-01,,,1.0,24150.0,9,28513,,,0.0,2661.0,,154.0,,1601.0,,554.0,1.0,11256.0,,19.0,2.0,1904.0,8.0,38207.0,18.0,76559.0,,1218.0,3.0,18919.0,,,,
2008-09-01,,,2.0,24122.0,2,28465,,,0.0,3062.0,,306.0,,1596.0,,668.0,5.0,14328.0,,18.0,1.0,2478.0,8.0,32215.0,8.0,122194.0,1.0,1347.0,4.0,23719.0,,,,
2008-10-01,,,0.0,27441.0,5,28881,,,0.0,3009.0,,248.0,,1512.0,,1011.0,4.0,15908.0,,2.0,0.0,2371.0,4.0,28605.0,20.0,143675.0,1.0,2033.0,3.0,30723.0,,,,
2008-11-01,,,2.0,25549.0,3,30051,,,1.0,3728.0,,779.0,,2333.0,,1116.0,2.0,18350.0,,12.0,8.0,2698.0,6.0,39885.0,13.0,105362.0,0.0,1783.0,5.0,34824.0,,,,
2008-12-01,,,2.0,33362.0,2,33725,,,0.0,2912.0,,1009.0,,1468.0,,1686.0,4.0,19372.0,,14.0,0.0,3656.0,7.0,42641.0,6.0,67176.0,0.0,3008.0,3.0,62211.0,,16.0,,
2009-01-01,,,3.0,36402.0,3,33965,,,2.0,3659.0,1.0,1206.0,,2677.0,,2684.0,2.0,24190.0,,13.0,0.0,4571.0,7.0,76578.0,11.0,86497.0,0.0,5069.0,3.0,82261.0,,164.0,,
2009-02-01,,,2.0,34813.0,4,35830,,,0.0,2680.0,0.0,715.0,,4197.0,1.0,2509.0,6.0,28259.0,,33.0,1.0,4310.0,4.0,51263.0,52.0,77855.0,1.0,5622.0,4.0,82020.0,,82.0,,
2009-03-01,,,10.0,41427.0,5,38766,,,0.0,3184.0,0.0,1279.0,,5994.0,0.0,2791.0,7.0,25175.0,,36.0,0.0,4690.0,7.0,48053.0,14.0,82233.0,1.0,5899.0,9.0,99029.0,,145.0,,
2009-04-01,,,1.0,35053.0,5,37402,,,0.0,3686.0,0.0,2514.0,,4869.0,0.0,2965.0,2.0,26780.0,,89.0,4.0,4960.0,5.0,47842.0,14.0,80227.0,1.0,5253.0,13.0,130235.0,1.0,1427.0,,
2009-05-01,,,2.0,30338.0,1,48005,,,0.0,3910.0,0.0,1888.0,,6964.0,0.0,4319.0,4.0,37209.0,,40.0,0.0,5251.0,2.0,40552.0,8.0,83222.0,1.0,4495.0,29.0,172018.0,0.0,1847.0,,
2009-06-01,,,3.0,36784.0,3,45010,,,0.0,3178.0,2.0,2659.0,1.0,6256.0,0.0,6975.0,13.0,52555.0,,49.0,1.0,5353.0,6.0,53478.0,29.0,92414.0,0.0,7113.0,41.0,146015.0,0.0,2536.0,,
2009-07-01,,,10.0,47160.0,2,50523,,,0.0,4324.0,0.0,2736.0,0.0,7421.0,2.0,7431.0,3.0,55863.0,,105.0,1.0,6622.0,4.0,56581.0,18.0,103521.0,1.0,6839.0,24.0,176685.0,0.0,4856.0,,
2009-08-01,,,6.0,41448.0,7,47318,,,1.0,3140.0,0.0,3146.0,1.0,9648.0,0.0,7758.0,3.0,56228.0,,171.0,3.0,6840.0,8.0,46669.0,141.0,124178.0,0.0,5442.0,33.0,304714.0,0.0,7694.0,,
2009-09-01,,,5.0,40131.0,7,48308,,,0.0,871.0,3.0,6416.0,0.0,9038.0,1.0,9554.0,8.0,62924.0,,103.0,5.0,8675.0,4.0,47916.0,40.0,144365.0,1.0,5435.0,50.0,365304.0,0.0,10794.0,,
2009-10-01,,,2.0,35666.0,3,61393,,,0.0,3126.0,0.0,4297.0,0.0,11765.0,0.0,10193.0,7.0,73257.0,,220.0,0.0,9195.0,8.0,55218.0,19.0,114215.0,0.0,7560.0,66.0,450514.0,0.0,11056.0,,
2009-11-01,,,4.0,30767.0,5,57572,,,4.0,3305.0,0.0,4856.0,1.0,9897.0,0.0,11664.0,5.0,103623.0,,380.0,0.0,8482.0,6.0,52686.0,11.0,123988.0,0.0,6924.0,53.0,498084.0,2.0,11344.0,,
2009-12-01,,,2.0,37210.0,7,67477,,,0.0,3164.0,1.0,5866.0,0.0,10820.0,0.0,17632.0,30.0,112187.0,,421.0,0.0,7497.0,7.0,67205.0,13.0,129555.0,0.0,6430.0,50.0,558862.0,1.0,13601.0,,
2010-01-01,,,7.0,49710.0,3,70028,,,5.0,5144.0,1.0,10290.0,7.0,13696.0,0.0,16894.0,27.0,113877.0,,386.0,1.0,8453.0,6.0,65451.0,13.0,146922.0,0.0,9150.0,52.0,623825.0,3.0,16097.0,,
2010-02-01,,,16.0,38071.0,12,72123,,,0.0,3886.0,0.0,7250.0,0.0,10153.0,2.0,16259.0,22.0,117687.0,,356.0,0.0,7989.0,4.0,56169.0,17.0,133735.0,0.0,6845.0,48.0,571983.0,1.0,18063.0,,
2010-03-01,,,3.0,40235.0,4,71926,,,0.0,5388.0,5.0,9722.0,1.0,14025.0,1.0,22329.0,27.0,150672.0,,268.0,1.0,8739.0,11.0,69017.0,29.0,184497.0,0.0,6075.0,64.0,680055.0,3.0,25399.0,,
2010-04-01,,,6.0,47184.0,5,59806,1.0,910.0,0.0,5248.0,0.0,10874.0,3.0,12651.0,0.0,16041.0,31.0,137959.0,,446.0,0.0,8153.0,9.0,66465.0,20.0,172075.0,1.0,6531.0,48.0,609568.0,5.0,24499.0,,
2010-05-01,,,6.0,41477.0,5,61970,0.0,851.0,0.0,5169.0,0.0,7502.0,0.0,13561.0,2.0,15360.0,21.0,137873.0,,860.0,1.0,8844.0,8.0,69726.0,28.0,153493.0,0.0,5941.0,83.0,618301.0,3.0,21011.0,,
2010-06-01,,,11.0,44775.0,1,66993,0.0,1342.0,1.0,5539.0,0.0,11960.0,1.0,12320.0,0.0,16688.0,20.0,158023.0,,705.0,1.0,10553.0,6.0,79911.0,20.0,170725.0,0.0,5719.0,68.0,686219.0,5.0,24337.0,,
2010-07-01,,,3.0,45639.0,3,57789,0.0,1661.0,1.0,7406.0,0.0,14898.0,0.0,15505.0,0.0,30271.0,17.0,173494.0,,1322.0,3.0,12225.0,5.0,66751.0,23.0,155433.0,0.0,9561.0,52.0,839395.0,3.0,28763.0,,
2010-08-01,,,6.0,42287.0,5,56885,0.0,2472.0,2.0,7608.0,1.0,13650.0,0.0,10927.0,2.0,28322.0,18.0,156839.0,,988.0,0.0,12914.0,8.0,65546.0,27.0,166897.0,0.0,8090.0,75.0,856959.0,0.0,30985.0,,
2010-09-01,,,3.0,46624.0,2,60170,0.0,3843.0,1.0,8205.0,0.0,12679.0,6.0,14390.0,1.0,25372.0,21.0,171555.0,,1266.0,2.0,14647.0,11.0,62576.0,17.0,206643.0,1.0,9636.0,91.0,780008.0,4.0,37466.0,,
2010-10-01,,,10.0,45742.0,5,62801,2.0,6036.0,1.0,7904.0,0.0,13746.0,0.0,14522.0,3.0,28638.0,23.0,203424.0,,1517.0,4.0,17454.0,9.0,67291.0,41.0,210480.0,0.0,10718.0,58.0,810680.0,2.0,44529.0,,
2010-11-01,,,9.0,47641.0,7,66700,2.0,7166.0,2.0,8323.0,0.0,18313.0,1.0,17821.0,1.0,32193.0,30.0,244828.0,,1990.0,1.0,15476.0,10.0,80233.0,25.0,243931.0,0.0,9668.0,84.0,875972.0,4.0,47765.0,,
2010-12-01,,,1.0,50166.0,2,65538,1.0,7001.0,10.0,9832.0,1.0,21895.0,3.0,20321.0,1.0,34370.0,14.0,287401.0,,1950.0,1.0,17082.0,13.0,93829.0,10.0,225594.0,1.0,12437.0,84.0,868018.0,5.0,49672.0,,
2011-01-01,,,3.0,57794.0,11,74373,1.0,16525.0,1.0,9341.0,6.0,15823.0,0.0,20592.0,3.0,41259.0,33.0,282681.0,,2262.0,1.0,19297.0,39.0,99724.0,45.0,249219.0,3.0,10257.0,113.0,951063.0,2.0,55756.0,,
2011-02-01,,,11.0,52585.0,3,46347,3.0,25366.0,0.0,9281.0,3.0,16143.0,0.0,15183.0,3.0,37100.0,58.0,246898.0,1.0,1897.0,2.0,14559.0,24.0,104610.0,26.0,254932.0,0.0,9604.0,91.0,962095.0,6.0,68882.0,,
2011-03-01,,,8.0,53487.0,4,45315,5.0,33452.0,1.0,6951.0,2.0,24300.0,1.0,14221.0,1.0,32956.0,135.0,296774.0,0.0,2166.0,0.0,17500.0,20.0,153477.0,37.0,316521.0,0.0,11249.0,152.0,1187168.0,9.0,97398.0,,
2011-04-01,,,4.0,41963.0,5,41159,6.0,32456.0,0.0,5934.0,3.0,23760.0,3.0,13504.0,1.0,31651.0,72.0,328187.0,0.0,3014.0,2.0,14659.0,29.0,112089.0,33.0,276770.0,3.0,12286.0,191.0,1113896.0,11.0,111621.0,,
2011-05-01,,,3.0,50717.0,3,45463,7.0,40193.0,1.0,6904.0,0.0,21991.0,2.0,17798.0,0.0,39040.0,42.0,369690.0,0.0,3090.0,4.0,19901.0,17.0,134407.0,120.0,299355.0,0.0,13558.0,129.0,1461819.0,11.0,130072.0,,
2011-06-01,,,10.0,56559.0,8,41261,7.0,41711.0,1.0,6542.0,2.0,24831.0,0.0,17135.0,1.0,44622.0,88.0,464487.0,0.0,2453.0,2.0,18007.0,28.0,130947.0,41.0,315783.0,1.0,13381.0,124.0,1648342.0,19.0,132007.0,,
2011-07-01,,,7.0,50856.0,5,36687,5.0,49321.0,1.0,5934.0,2.0,22754.0,1.0,15528.0,1.0,52600.0,69.0,433675.0,0.0,2526.0,3.0,22838.0,11.0,136105.0,66.0,347975.0,0.0,10139.0,141.0,1552044.0,9.0,123073.0,1.0,18460.0
2011-08-01,,,4.0,52464.0,4,37336,3.0,45576.0,2.0,9124.0,0.0,23822.0,0.0,19605.0,0.0,41884.0,68.0,529818.0,0.0,3374.0,2.0,21493.0,24.0,158142.0,54.0,307820.0,0.0,9357.0,127.0,1801031.0,9.0,159786.0,6.0,40140.0
2011-09-01,,,3.0,47479.0,1,35588,7.0,42748.0,4.0,5949.0,4.0,21225.0,2.0,14189.0,2.0,41115.0,53.0,464689.0,0.0,4883.0,4.0,21065.0,15.0,142786.0,37.0,291299.0,0.0,12580.0,172.0,1795766.0,15.0,153302.0,3.0,26683.0
2011-10-01,,,12.0,62447.0,2,31492,10.0,64069.0,3.0,6572.0,1.0,21540.0,1.0,15923.0,2.0,42519.0,85.0,491778.0,0.0,5166.0,2.0,26567.0,12.0,134291.0,58.0,394523.0,5.0,14874.0,137.0,1864128.0,19.0,168272.0,1.0,26992.0
2011-11-01,,,9.0,68045.0,6,50398,11.0,82647.0,0.0,6802.0,5.0,21597.0,0.0,11137.0,3.0,57136.0,57.0,590160.0,0.0,4398.0,12.0,24820.0,15.0,137686.0,136.0,360573.0,0.0,14275.0,165.0,1742809.0,13.0,146991.0,10.0,27888.0
2011-12-01,,56.0,4.0,86095.0,6,47186,8.0,79254.0,2.0,7303.0,0.0,27038.0,0.0,13187.0,0.0,85973.0,40.0,526142.0,1.0,5071.0,10.0,24737.0,11.0,158037.0,107.0,437168.0,0.0,19320.0,216.0,1845280.0,18.0,170597.0,6.0,30075.0
2012-01-01,,88.0,9.0,99261.0,4,53501,8.0,69292.0,6.0,8117.0,5.0,26308.0,0.0,11188.0,4.0,102658.0,48.0,516787.0,0.0,7088.0,5.0,26386.0,12.0,169034.0,76.0,490565.0,1.0,20903.0,178.0,2086432.0,18.0,164759.0,5.0,33696.0
2012-02-01,,239.0,10.0,98655.0,6,60669,9.0,79002.0,1.0,6130.0,2.0,22108.0,0.0,11783.0,4.0,95967.0,48.0,512379.0,0.0,6437.0,3.0,28212.0,25.0,157303.0,37.0,389673.0,0.0,17193.0,164.0,2157772.0,21.0,181045.0,3.0,35825.0
2012-03-01,1.0,388.0,15.0,115714.0,4,58304,24.0,84013.0,2.0,6056.0,2.0,27557.0,2.0,12758.0,9.0,108325.0,86.0,629537.0,0.0,6921.0,3.0,32702.0,29.0,167929.0,49.0,449802.0,0.0,18073.0,212.0,2351809.0,17.0,204036.0,7.0,37019.0
2012-04-01,1.0,1094.0,22.0,105653.0,9,69946,12.0,82857.0,1.0,5861.0,1.0,23996.0,0.0,10066.0,6.0,115687.0,74.0,575817.0,0.0,6852.0,12.0,38543.0,29.0,160956.0,70.0,370597.0,1.0,18670.0,161.0,2491857.0,16.0,212222.0,1.0,30658.0
2012-05-01,4.0,1694.0,12.0,119344.0,5,70967,8.0,71884.0,0.0,5481.0,20.0,28818.0,2.0,11937.0,6.0,154150.0,55.0,610472.0,0.0,9717.0,8.0,40428.0,26.0,190601.0,76.0,407570.0,0.0,18042.0,264.0,2902931.0,34.0,254449.0,0.0,32923.0
2012-06-01,6.0,2548.0,33.0,146936.0,4,74050,15.0,64173.0,2.0,6950.0,8.0,26517.0,3.0,15276.0,12.0,182512.0,92.0,725191.0,0.0,8332.0,6.0,40621.0,14.0,192127.0,90.0,417406.0,0.0,19455.0,268.0,3277865.0,28.0,252136.0,4.0,36312.0
2012-07-01,8.0,3530.0,131.0,154792.0,14,73998,13.0,65663.0,5.0,6619.0,8.0,30222.0,3.0,12211.0,30.0,211700.0,103.0,900009.0,0.0,9023.0,139.0,63451.0,51.0,194168.0,1309.0,499094.0,2.0,19720.0,402.0,3447621.0,89.0,315156.0,6.0,39660.0
2012-08-01,16.0,11594.0,42.0,168998.0,8,91247,15.0,66565.0,3.0,5965.0,5.0,33492.0,1.0,13659.0,5.0,216260.0,102.0,677619.0,0.0,8683.0,78.0,58244.0,56.0,247466.0,174.0,604885.0,1.0,16865.0,408.0,3743122.0,32.0,335358.0,13.0,50317.0
2012-09-01,16.0,8020.0,36.0,177140.0,3,81375,6.0,58063.0,2.0,7583.0,1.0,21515.0,3.0,11658.0,6.0,172784.0,79.0,608099.0,0.0,8764.0,29.0,55191.0,29.0,287433.0,66.0,552764.0,1.0,15583.0,337.0,3146363.0,72.0,307876.0,3.0,48229.0
2012-10-01,9.0,9250.0,72.0,156223.0,8,83268,13.0,63187.0,2.0,7833.0,1.0,22590.0,3.0,14891.0,15.0,183852.0,59.0,569662.0,0.0,10007.0,10.0,48895.0,21.0,230617.0,89.0,614150.0,0.0,14887.0,316.0,3203595.0,16.0,326844.0,7.0,44229.0
2012-11-01,19.0,7328.0,26.0,160700.0,7,79410,11.0,51444.0,5.0,7923.0,31.0,26225.0,1.0,11180.0,13.0,201534.0,131.0,640522.0,0.0,9004.0,11.0,42578.0,31.0,272576.0,102.0,601005.0,1.0,15864.0,321.0,3213379.0,30.0,304282.0,8.0,42939.0
2012-12-01,31.0,12024.0,31.0,159448.0,10,79759,8.0,48056.0,1.0,7060.0,3.0,28850.0,2.0,12161.0,6.0,194728.0,167.0,658034.0,0.0,8617.0,153.0,68637.0,82.0,276976.0,1702.0,472549.0,4.0,18844.0,687.0,3508359.0,120.0,346063.0,8.0,48108.0
2013-01-01,20.0,12941.0,37.0,203171.0,11,89840,4.0,52015.0,1.0,7811.0,1.0,29399.0,2.0,12939.0,4.0,211542.0,145.0,703461.0,2.0,10674.0,227.0,65623.0,57.0,280247.0,2589.0,506809.0,0.0,23832.0,624.0,4372126.0,101.0,384907.0,24.0,61035.0
2013-02-01,30.0,12095.0,104.0,197048.0,12,76238,11.0,42916.0,0.0,6211.0,3.0,26331.0,3.0,13378.0,7.0,175097.0,63.0,595258.0,0.0,8719.0,73.0,89314.0,61.0,285097.0,689.0,433931.0,2.0,20643.0,429.0,3546840.0,75.0,380525.0,6.0,49436.0
2013-03-01,23.0,13809.0,143.0,197135.0,1,90009,10.0,45333.0,3.0,7489.0,0.0,27123.0,0.0,11638.0,9.0,196159.0,61.0,676814.0,0.0,8841.0,95.0,69717.0,44.0,368511.0,598.0,418384.0,2.0,16322.0,541.0,4010604.0,71.0,416853.0,11.0,56990.0
2013-04-01,19.0,14587.0,43.0,199333.0,13,100134,9.0,49562.0,0.0,5478.0,2.0,24922.0,2.0,12749.0,10.0,207198.0,57.0,654302.0,1.0,10642.0,131.0,248829.0,79.0,507245.0,783.0,455869.0,1.0,13136.0,388.0,3995359.0,63.0,431953.0,33.0,58632.0
2013-05-01,32.0,19763.0,144.0,210553.0,11,99332,9.0,42737.0,9.0,6278.0,12.0,24020.0,3.0,13807.0,16.0,244021.0,106.0,784370.0,0.0,13012.0,147.0,184904.0,217.0,397357.0,259.0,440744.0,0.0,12776.0,386.0,3940227.0,54.0,425447.0,9.0,49629.0
2013-06-01,15.0,15135.0,83.0,205850.0,9,82450,4.0,40002.0,1.0,6585.0,3.0,29263.0,1.0,14062.0,14.0,212144.0,172.0,1454977.0,0.0,9449.0,84.0,161356.0,36.0,334723.0,150.0,414190.0,1.0,12170.0,390.0,3904314.0,58.0,418554.0,10.0,46742.0
2013-07-01,9.0,14857.0,14.0,170219.0,13,99453,8.0,42897.0,1.0,5619.0,24.0,60138.0,2.0,15521.0,14.0,282376.0,150.0,988879.0,0.0,22389.0,47.0,227390.0,55.0,399545.0,106.0,417265.0,0.0,12127.0,437.0,4336740.0,81.0,461472.0,18.0,92802.0
2013-08-01,40.0,20575.0,38.0,210999.0,4,96671,10.0,50458.0,4.0,6176.0,11.0,77700.0,1.0,14855.0,16.0,259369.0,96.0,798010.0,1.0,31279.0,77.0,200960.0,42.0,391544.0,129.0,325334.0,0.0,12422.0,359.0,3930570.0,46.0,436515.0,26.0,139693.0
2013-09-01,10.0,18766.0,44.0,188295.0,6,92580,8.0,43049.0,0.0,6174.0,2.0,53355.0,0.0,10799.0,3.0,192048.0,95.0,714819.0,2.0,35611.0,224.0,189442.0,56.0,408585.0,306.0,289758.0,1.0,9587.0,493.0,3552662.0,51.0,357889.0,28.0,132135.0
2013-10-01,7.0,15154.0,33.0,210055.0,11,98046,4.0,39430.0,0.0,6254.0,7.0,58356.0,1.0,14792.0,5.0,214783.0,75.0,611508.0,0.0,38188.0,121.0,256961.0,50.0,359518.0,129.0,383427.0,0.0,10637.0,435.0,4095538.0,74.0,459103.0,26.0,148750.0
2013-11-01,13.0,22548.0,33.0,209942.0,14,75544,14.0,43015.0,3.0,5934.0,1.0,55879.0,3.0,15132.0,4.0,212137.0,100.0,801638.0,1.0,55822.0,135.0,221877.0,34.0,344022.0,50.0,246923.0,0.0,10682.0,430.0,4129483.0,73.0,435105.0,18.0,132576.0
2013-12-01,14.0,18140.0,38.0,217185.0,8,74569,8.0,42665.0,8.0,7801.0,2.0,62008.0,1.0,12882.0,19.0,240583.0,54.0,593319.0,1.0,45989.0,107.0,244224.0,101.0,389555.0,111.0,231486.0,3.0,12503.0,386.0,4306039.0,76.0,450177.0,87.0,161385.0
2014-01-01,31.0,21230.0,43.0,239017.0,3,86906,7.0,51420.0,9.0,7860.0,8.0,72829.0,2.0,12279.0,12.0,257928.0,66.0,621818.0,3.0,54287.0,338.0,264845.0,66.0,440292.0,246.0,250320.0,1.0,10649.0,331.0,4392050.0,84.0,484446.0,32.0,177732.0
2014-02-01,16.0,15134.0,39.0,201045.0,15,79451,10.0,49114.0,1.0,6255.0,5.0,53837.0,1.0,13536.0,8.0,214946.0,68.0,500579.0,0.0,49489.0,155.0,240164.0,44.0,346169.0,118.0,209800.0,1.0,8946.0,356.0,3730143.0,65.0,408765.0,17.0,156739.0
2014-03-01,25.0,22127.0,71.0,233781.0,6,95816,10.0,56898.0,6.0,6566.0,3.0,81314.0,1.0,12690.0,15.0,245404.0,177.0,511765.0,4.0,54645.0,102.0,343530.0,61.0,639733.0,68.0,214429.0,2.0,10795.0,471.0,4137213.0,106.0,476573.0,32.0,187461.0
2014-04-01,18.0,20558.0,28.0,188801.0,8,89943,11.0,54320.0,5.0,5916.0,5.0,71807.0,1.0,12490.0,11.0,248594.0,80.0,428171.0,2.0,61772.0,137.0,306415.0,66.0,438622.0,126.0,234795.0,0.0,8444.0,374.0,4240732.0,60.0,470928.0,38.0,160125.0
2014-05-01,30.0,43903.0,18.0,143746.0,6,77195,11.0,53608.0,5.0,13267.0,9.0,83024.0,0.0,12331.0,10.0,284265.0,73.0,443167.0,2.0,59598.0,123.0,273893.0,46.0,450551.0,107.0,208054.0,1.0,20029.0,412.0,4100290.0,79.0,481337.0,61.0,171783.0
2014-06-01,18.0,42587.0,17.0,122650.0,3,78943,6.0,45291.0,9.0,17592.0,9.0,66127.0,1.0,10755.0,7.0,253548.0,60.0,513802.0,2.0,49245.0,311.0,326152.0,84.0,407088.0,265.0,238573.0,1.0,16793.0,490.0,4075383.0,77.0,447316.0,50.0,176826.0
2014-07-01,35.0,50913.0,8.0,129235.0,5,73684,3.0,40794.0,13.0,23404.0,10.0,80830.0,0.0,12451.0,11.0,288717.0,69.0,434699.0,3.0,63577.0,282.0,334540.0,88.0,778955.0,119.0,240518.0,1.0,16813.0,443.0,4829146.0,71.0,509263.0,20.0,208484.0
2014-08-01,15.0,45724.0,22.0,153822.0,2,75157,6.0,46403.0,6.0,20185.0,8.0,71034.0,0.0,12079.0,35.0,320932.0,65.0,488487.0,7.0,61653.0,345.0,429003.0,111.0,756978.0,256.0,216458.0,2.0,17579.0,451.0,4658614.0,148.0,505326.0,39.0,190486.0
2014-09-01,12.0,40718.0,14.0,164441.0,6,95730,7.0,45444.0,7.0,32307.0,4.0,68427.0,1.0,9282.0,11.0,259859.0,41.0,348863.0,7.0,58408.0,157.0,393211.0,80.0,625737.0,87.0,195318.0,0.0,13905.0,466.0,3994094.0,65.0,444843.0,29.0,178618.0
2014-10-01,36.0,44157.0,99.0,158760.0,8,84986,5.0,47977.0,2.0,26570.0,3.0,55050.0,0.0,10488.0,23.0,276013.0,23.0,328927.0,2.0,73514.0,134.0,414994.0,122.0,582970.0,152.0,207781.0,2.0,20861.0,365.0,3918782.0,70.0,467260.0,134.0,189797.0
2014-11-01,23.0,43477.0,21.0,139878.0,4,72630,4.0,47642.0,6.0,21466.0,4.0,63871.0,1.0,11139.0,8.0,307992.0,57.0,384742.0,1.0,63870.0,124.0,441544.0,63.0,464014.0,109.0,256737.0,1.0,13752.0,355.0,3647570.0,168.0,426981.0,32.0,182657.0
2014-12-01,38.0,49846.0,26.0,153048.0,7,78060,8.0,43613.0,9.0,21640.0,1.0,71930.0,1.0,13267.0,13.0,357879.0,44.0,369259.0,9.0,82100.0,197.0,491026.0,85.0,546618.0,98.0,204419.0,0.0,15586.0,509.0,4033299.0,48.0,489047.0,37.0,218762.0
2015-01-01,163.0,52346.0,134.0,152611.0,6,89549,3.0,50160.0,51.0,27069.0,22.0,78575.0,0.0,12478.0,18.0,370381.0,144.0,383858.0,2.0,70940.0,244.0,441657.0,109.0,670869.0,69.0,220647.0,0.0,24192.0,492.0,4712729.0,71.0,599295.0,37.0,233883.0
2015-02-01,108.0,54062.0,25.0,153469.0,3,87412,7.0,50590.0,6.0,23400.0,3.0,57680.0,1.0,11890.0,15.0,333552.0,67.0,372998.0,3.0,84337.0,153.0,405582.0,75.0,546080.0,83.0,197702.0,1.0,13908.0,363.0,3884138.0,56.0,489837.0,33.0,199511.0
2015-03-01,73.0,61942.0,79.0,155711.0,7,100932,5.0,52080.0,7.0,22734.0,5.0,66975.0,3.0,12104.0,19.0,322439.0,67.0,381865.0,2.0,90599.0,247.0,471788.0,94.0,570683.0,87.0,243707.0,2.0,19945.0,471.0,4110324.0,61.0,558041.0,36.0,228661.0
2015-04-01,70.0,59075.0,36.0,143946.0,1,78456,5.0,55084.0,7.0,24363.0,7.0,85854.0,1.0,14509.0,14.0,388167.0,43.0,447395.0,4.0,87407.0,275.0,569881.0,51.0,496262.0,79.0,250930.0,6.0,19176.0,564.0,4158851.0,111.0,514278.0,47.0,211747.0
2015-05-01,85.0,75001.0,29.0,137142.0,7,89413,6.0,53017.0,29.0,25173.0,34.0,72193.0,2.0,11893.0,20.0,376601.0,51.0,361264.0,7.0,96754.0,257.0,548287.0,81.0,490346.0,63.0,244927.0,2.0,16943.0,458.0,4234943.0,104.0,519899.0,28.0,223148.0
2015-06-01,119.0,66115.0,23.0,140422.0,7,81042,5.0,45731.0,12.0,25755.0,1.0,67683.0,1.0,14116.0,10.0,322457.0,155.0,524641.0,23.0,113161.0,281.0,581187.0,69.0,524528.0,175.0,283548.0,8.0,17570.0,451.0,4140431.0,85.0,470202.0,51.0,213406.0
2015-07-01,105.0,67026.0,42.0,204302.0,5,92715,6.0,57506.0,4.0,25820.0,10.0,86849.0,0.0,11847.0,27.0,399828.0,94.0,387310.0,1.0,91513.0,258.0,611569.0,97.0,572139.0,331.0,337658.0,7.0,14569.0,456.0,4377930.0,110.0,533598.0,51.0,232282.0
2015-08-01,36.0,56303.0,17.0,162453.0,2,80139,8.0,57130.0,5.0,24364.0,7.0,78081.0,1.0,10703.0,20.0,387407.0,69.0,366750.0,28.0,101748.0,432.0,613712.0,114.0,538333.0,229.0,382764.0,0.0,15508.0,478.0,4269060.0,54.0,544576.0,55.0,217703.0
2015-09-01,77.0,61724.0,24.0,148485.0,9,79722,9.0,50162.0,5.0,28443.0,4.0,57313.0,0.0,11445.0,17.0,308777.0,81.0,354836.0,14.0,115506.0,149.0,542414.0,101.0,618790.0,102.0,411708.0,0.0,16050.0,385.0,3949489.0,63.0,529890.0,27.0,217125.0
2015-10-01,93.0,78711.0,28.0,165993.0,8,105117,7.0,52747.0,38.0,29447.0,5.0,56015.0,1.0,11284.0,10.0,372576.0,60.0,400557.0,36.0,98320.0,434.0,608464.0,90.0,633161.0,557.0,530228.0,1.0,16586.0,530.0,4058659.0,72.0,515580.0,48.0,219586.0
2015-11-01,68.0,65039.0,15.0,125742.0,10,88565,10.0,47043.0,13.0,29877.0,8.0,63913.0,1.0,10021.0,11.0,356381.0,70.0,481903.0,3.0,102633.0,252.0,665606.0,181.0,818110.0,181.0,504971.0,1.0,15042.0,733.0,4072778.0,50.0,455799.0,22.0,221704.0
2015-12-01,78.0,70597.0,62.0,151215.0,8,84129,6.0,49664.0,33.0,29808.0,4.0,68060.0,1.0,16263.0,28.0,538616.0,59.0,392822.0,3.0,109631.0,1318.0,804649.0,180.0,639233.0,541.0,586805.0,2.0,13896.0,632.0,4412697.0,77.0,517083.0,63.0,222400.0
2016-01-01,123.0,69621.0,34.0,143404.0,6,84261,5.0,48881.0,81.0,23257.0,6.0,80222.0,1.0,13572.0,20.0,482486.0,67.0,356731.0,12.0,121921.0,401.0,719681.0,112.0,765418.0,416.0,763624.0,1.0,16576.0,579.0,4713176.0,101.0,544662.0,151.0,225730.0
2016-02-01,92.0,76261.0,29.0,166167.0,9,86158,4.0,47574.0,33.0,24442.0,10.0,67698.0,2.0,10768.0,17.0,431584.0,140.0,330173.0,5.0,116982.0,386.0,573913.0,150.0,523743.0,203.0,1306979.0,3.0,14906.0,645.0,4217458.0,66.0,496227.0,21.0,201438.0
2016-03-01,109.0,79230.0,60.0,142963.0,26,85202,5.0,47749.0,58.0,28539.0,9.0,68882.0,2.0,12373.0,22.0,493253.0,187.0,377852.0,4.0,118967.0,302.0,560741.0,76.0,609560.0,329.0,1630365.0,0.0,17185.0,522.0,4411186.0,60.0,514174.0,99.0,194052.0
2016-04-01,83.0,84006.0,36.0,140830.0,3,95052,10.0,43897.0,20.0,32991.0,9.0,71821.0,3.0,9958.0,12.0,486981.0,97.0,380710.0,4.0,112497.0,174.0,517184.0,74.0,543268.0,551.0,1325274.0,0.0,14348.0,482.0,4399509.0,45.0,499431.0,33.0,173963.0
2016-05-01,104.0,86675.0,23.0,152865.0,7,84759,3.0,42645.0,16.0,28195.0,182.0,65972.0,2.0,10674.0,29.0,455249.0,69.0,481148.0,4.0,123177.0,144.0,580117.0,90.0,585533.0,174.0,1286712.0,0.0,15874.0,790.0,4504291.0,94.0,513393.0,16.0,166326.0
2016-06-01,48.0,83733.0,27.0,154349.0,7,73415,1.0,48091.0,7.0,29315.0,9.0,71825.0,2.0,10043.0,22.0,417320.0,61.0,479077.0,373.0,123232.0,2510.0,720563.0,440.0,731553.0,2119.0,1360553.0,2.0,16579.0,2341.0,4595724.0,255.0,462229.0,597.0,148820.0
2016-07-01,137.0,78961.0,100.0,155670.0,19,89831,3.0,48321.0,16.0,30777.0,32.0,70896.0,1.0,11967.0,33.0,480236.0,484.0,396168.0,23.0,132081.0,1191.0,768703.0,229.0,864721.0,721.0,1876939.0,4.0,21976.0,1316.0,4886957.0,92.0,431973.0,22.0,131070.0
2016-08-01,162.0,89328.0,68.0,135489.0,9,95074,5.0,45982.0,19.0,29761.0,11.0,84680.0,1.0,10978.0,34.0,539455.0,281.0,461656.0,29.0,163483.0,290.0,582453.0,123.0,677008.0,401.0,1465028.0,1.0,17357.0,992.0,5116322.0,69.0,458352.0,16.0,134492.0
2016-09-01,115.0,87098.0,51.0,162137.0,4,88100,7.0,49157.0,6.0,41597.0,7.0,66714.0,3.0,10300.0,30.0,350594.0,77.0,399526.0,9.0,153585.0,338.0,572037.0,102.0,602345.0,355.0,1798969.0,0.0,13083.0,767.0,4529096.0,65.0,439044.0,19.0,122993.0
2016-10-01,54.0,104994.0,55.0,159957.0,6,72083,3.0,41005.0,37.0,52615.0,2.0,71108.0,1.0,8508.0,21.0,322114.0,70.0,470172.0,5.0,145606.0,430.0,541114.0,91.0,602987.0,485.0,2248505.0,1.0,15802.0,1000.0,4755738.0,61.0,439086.0,23.0,130116.0
2016-11-01,46.0,140319.0,29.0,178045.0,22,82337,2.0,45159.0,80.0,29414.0,2.0,64321.0,0.0,10118.0,15.0,322840.0,117.0,443280.0,11.0,178783.0,237.0,636531.0,111.0,620626.0,462.0,2654567.0,2.0,21656.0,598.0,4738072.0,62.0,425345.0,25.0,137958.0
2016-12-01,53.0,134993.0,95.0,162635.0,4,90410,7.0,43586.0,16.0,41847.0,5.0,79309.0,3.0,11384.0,32.0,416695.0,101.0,484584.0,11.0,164930.0,253.0,620686.0,87.0,766258.0,474.0,1797923.0,1.0,14728.0,919.0,5121161.0,63.0,481198.0,15.0,159141.0
2017-01-01,47.0,126124.0,59.0,170450.0,12,87618,7.0,49212.0,12.0,39593.0,8.0,89458.0,2.0,10350.0,19.0,404581.0,82.0,504531.0,16.0,168433.0,246.0,946227.0,133.0,1019006.0,391.0,2230022.0,3.0,21419.0,714.0,5313830.0,40.0,489336.0,24.0,163318.0
2017-02-01,128.0,121920.0,59.0,139259.0,22,86215,2.0,42911.0,7.0,27607.0,4.0,83071.0,1.0,9486.0,47.0,399193.0,168.0,418854.0,15.0,192469.0,557.0,796761.0,107.0,836502.0,807.0,1970905.0,3.0,22370.0,528.0,4450117.0,156.0,456833.0,29.0,152368.0
2017-03-01,37.0,115929.0,58.0,178170.0,8,97784,10.0,49470.0,8.0,30264.0,11.0,77423.0,3.0,14752.0,23.0,477516.0,135.0,562149.0,30.0,174963.0,473.0,659546.0,93.0,819574.0,241.0,1822765.0,0.0,21560.0,696.0,5139326.0,86.0,483598.0,23.0,170652.0
2017-04-01,40.0,88855.0,30.0,127458.0,14,105017,10.0,50908.0,27.0,41457.0,21.0,91827.0,2.0,10708.0,12.0,345106.0,95.0,470602.0,16.0,159893.0,305.0,722775.0,98.0,868838.0,293.0,1411121.0,1.0,17024.0,758.0,5062192.0,59.0,477476.0,12.0,150649.0
2017-05-01,57.0,110433.0,47.0,139136.0,6,91449,2.0,49821.0,13.0,28913.0,5.0,84811.0,1.0,9065.0,34.0,397599.0,92.0,464366.0,7.0,216249.0,299.0,738581.0,168.0,988519.0,328.0,2030187.0,4.0,16107.0,675.0,5477121.0,89.0,496047.0,34.0,149208.0
2017-06-01,126.0,117869.0,43.0,125125.0,23,105277,12.0,58149.0,94.0,37715.0,7.0,70676.0,0.0,7895.0,38.0,404619.0,115.0,576207.0,19.0,168260.0,481.0,755004.0,135.0,909940.0,524.0,1818667.0,0.0,14185.0,673.0,5236463.0,88.0,454635.0,22.0,133927.0
2017-07-01,33.0,87475.0,57.0,127139.0,5,107387,9.0,48231.0,104.0,30978.0,23.0,86259.0,3.0,10482.0,47.0,461876.0,92.0,423183.0,16.0,220545.0,264.0,647178.0,103.0,742803.0,213.0,1711021.0,1.0,14222.0,731.0,5467148.0,78.0,492166.0,13.0,132028.0
2017-08-01,56.0,78575.0,33.0,154170.0,9,112192,5.0,48557.0,34.0,27217.0,4.0,86788.0,1.0,9744.0,23.0,393650.0,143.0,459526.0,21.0,200879.0,182.0,860524.0,98.0,741489.0,560.0,1824183.0,0.0,18059.0,660.0,5251325.0,46.0,466621.0,19.0,116235.0
2017-09-01,53.0,96642.0,45.0,142947.0,9,115390,7.0,46936.0,124.0,48229.0,98.0,81035.0,1.0,15154.0,16.0,375149.0,69.0,440709.0,19.0,200070.0,172.0,760510.0,106.0,743358.0,225.0,1339216.0,0.0,19566.0,526.0,4761416.0,98.0,468165.0,14.0,112811.0
2017-10-01,37.0,98416.0,52.0,129430.0,29,122227,5.0,48349.0,25.0,41941.0,6.0,76470.0,2.0,14297.0,36.0,405317.0,185.0,551013.0,220.0,222215.0,1401.0,914166.0,569.0,761347.0,1319.0,1587025.0,2.0,17096.0,1635.0,4827533.0,87.0,444382.0,17.0,86169.0
2017-11-01,71.0,96733.0,42.0,160754.0,9,125703,6.0,50027.0,34.0,36507.0,13.0,82729.0,3.0,8937.0,19.0,468864.0,217.0,808717.0,39.0,280782.0,1259.0,817246.0,188.0,790343.0,1015.0,1618003.0,3.0,16276.0,952.0,5018200.0,143.0,544051.0,24.0,89996.0
2017-12-01,51.0,99698.0,57.0,166768.0,25,112742,5.0,50680.0,119.0,33618.0,6.0,73874.0,5.0,11633.0,31.0,581236.0,330.0,593259.0,10.0,176532.0,453.0,775487.0,112.0,750840.0,433.0,1718151.0,2.0,19335.0,707.0,5154549.0,84.0,465705.0,15.0,86205.0
2018-01-01,58.0,111844.0,18.0,141021.0,8,118836,7.0,45704.0,18.0,34287.0,7.0,98800.0,6.0,12474.0,33.0,508580.0,184.0,529835.0,13.0,228140.0,381.0,786220.0,114.0,817698.0,383.0,1833155.0,1.0,14692.0,746.0,5189011.0,72.0,531789.0,14.0,83118.0
2018-02-01,53.0,95052.0,96.0,144462.0,54,112499,5.0,49012.0,46.0,36625.0,3.0,75307.0,5.0,13119.0,80.0,460481.0,226.0,537868.0,196.0,172307.0,6650.0,884021.0,369.0,632136.0,11044.0,1772210.0,0.0,15269.0,2558.0,4881605.0,139.0,530083.0,57.0,90835.0
2018-03-01,52.0,123750.0,157.0,159786.0,60,128385,6.0,46955.0,24.0,34877.0,17.0,93601.0,2.0,9354.0,26.0,492160.0,329.0,640622.0,62.0,168683.0,3410.0,871283.0,346.0,858995.0,5068.0,1979944.0,6.0,30129.0,2053.0,5372949.0,122.0,549412.0,27.0,89366.0
2018-04-01,59.0,93317.0,73.0,135521.0,17,106749,4.0,41782.0,9.0,18249.0,10.0,78979.0,2.0,11148.0,31.0,472151.0,184.0,610583.0,18.0,164855.0,2003.0,755737.0,263.0,860540.0,2757.0,1742590.0,1.0,17527.0,1250.0,5270793.0,167.0,550151.0,26.0,93334.0
2018-05-01,28.0,84283.0,59.0,144157.0,12,97354,5.0,43222.0,12.0,31493.0,5.0,90809.0,2.0,16094.0,25.0,464060.0,186.0,716857.0,24.0,218073.0,1245.0,794269.0,244.0,902518.0,1745.0,1722110.0,7.0,19946.0,1333.0,5518935.0,92.0,539402.0,16.0,89079.0
2018-06-01,38.0,77394.0,69.0,131567.0,44,106488,5.0,43268.0,11.0,27838.0,7.0,78623.0,1.0,14540.0,25.0,405987.0,273.0,828268.0,13.0,182573.0,722.0,811815.0,263.0,1062784.0,753.0,2031934.0,1.0,20048.0,954.0,5348028.0,70.0,469375.0,15.0,90496.0
2018-07-01,78.0,89899.0,46.0,155088.0,29,141910,1.0,38526.0,39.0,31397.0,12.0,84008.0,5.0,15415.0,22.0,519702.0,127.0,635768.0,9.0,174493.0,468.0,802742.0,270.0,1079831.0,775.0,2048489.0,0.0,21293.0,1133.0,5652408.0,117.0,501654.0,15.0,93639.0
2018-08-01,71.0,97329.0,54.0,162301.0,17,154570,4.0,41194.0,109.0,31309.0,8.0,72274.0,2.0,13123.0,17.0,402529.0,213.0,628372.0,10.0,167615.0,527.0,805752.0,181.0,890677.0,776.0,1969566.0,1.0,20072.0,881.0,5765526.0,73.0,570018.0,9.0,82372.0
2018-09-01,50.0,102157.0,57.0,154483.0,13,110677,5.0,35002.0,40.0,30074.0,7.0,68040.0,1.0,9988.0,26.0,385892.0,112.0,711163.0,10.0,148009.0,211.0,618991.0,111.0,807132.0,829.0,2245297.0,0.0,18697.0,736.0,5239694.0,75.0,515023.0,16.0,79283.0
2018-10-01,84.0,98442.0,23.0,139726.0,24,128346,3.0,38091.0,19.0,32278.0,7.0,72544.0,0.0,11432.0,20.0,363918.0,198.0,693735.0,13.0,159497.0,325.0,758533.0,104.0,834164.0,901.0,2208780.0,1.0,13291.0,857.0,5834041.0,95.0,530180.0,21.0,85685.0
2018-11-01,28.0,92589.0,30.0,110920.0,14,107122,4.0,41245.0,48.0,29988.0,9.0,66455.0,13.0,8182.0,36.0,339471.0,117.0,836769.0,9.0,133031.0,669.0,730270.0,135.0,850529.0,1251.0,2242148.0,4.0,13448.0,995.0,5615438.0,107.0,508915.0,20.0,96958.0
2018-12-01,23.0,92908.0,27.0,131494.0,9,118250,8.0,39319.0,37.0,32815.0,7.0,82044.0,1.0,13735.0,27.0,459659.0,165.0,876285.0,15.0,138979.0,351.0,646910.0,101.0,856347.0,535.0,1856398.0,0.0,13468.0,729.0,6003121.0,83.0,537275.0,31.0,103943.0
2019-01-01,51.0,112917.0,82.0,147228.0,12,130999,5.0,48363.0,39.0,37943.0,9.0,116359.0,1.0,15071.0,31.0,468402.0,155.0,782731.0,16.0,145932.0,804.0,745642.0,161.0,911354.0,678.0,2670435.0,1.0,15316.0,929.0,6969614.0,85.0,585388.0,18.0,101386.0
2019-02-01,119.0,108333.0,63.0,134707.0,14,119460,7.0,38294.0,96.0,29620.0,6.0,55963.0,3.0,12890.0,20.0,445479.0,245.0,781667.0,11.0,143410.0,369.0,620350.0,145.0,726938.0,855.0,2224000.0,1.0,14080.0,920.0,6092668.0,81.0,525414.0,18.0,86845.0
2019-03-01,53.0,107705.0,34.0,144581.0,24,130499,0.0,46738.0,208.0,32606.0,12.0,70038.0,4.0,11562.0,31.0,474097.0,283.0,809241.0,15.0,148565.0,756.0,773857.0,1409.0,1113851.0,1813.0,2092409.0,1.0,13891.0,996.0,6655630.0,111.0,590859.0,11.0,86166.0
2019-04-01,25.0,102047.0,28.0,140659.0,23,156474,3.0,40239.0,18.0,33709.0,3.0,57124.0,1.0,9628.0,30.0,510046.0,108.0,670338.0,6.0,158243.0,501.0,601073.0,241.0,886035.0,736.0,1757892.0,0.0,15410.0,1057.0,6620143.0,79.0,516064.0,11.0,89261.0
2019-05-01,136.0,107280.0,23.0,125815.0,12,159447,6.0,33419.0,38.0,36212.0,17.0,68353.0,1.0,10611.0,37.0,431486.0,131.0,574920.0,13.0,218658.0,321.0,606868.0,198.0,773045.0,583.0,1687479.0,1.0,16968.0,935.0,6891945.0,94.0,487543.0,54.0,95845.0
2019-06-01,139.0,98315.0,21.0,124127.0,16,136981,9.0,37614.0,101.0,37023.0,19.0,67367.0,5.0,11352.0,30.0,356860.0,140.0,667451.0,17.0,153386.0,380.0,627286.0,181.0,841639.0,660.0,1722091.0,2.0,14143.0,1108.0,7290460.0,47.0,445427.0,11.0,82442.0
2019-07-01,54.0,103362.0,27.0,131889.0,22,155712,4.0,34065.0,175.0,26600.0,6.0,77020.0,0.0,10915.0,30.0,507722.0,110.0,611020.0,12.0,157358.0,357.0,688370.0,228.0,831574.0,577.0,2095722.0,1.0,14636.0,1164.0,8081676.0,69.0,507032.0,11.0,89647.0
2019-08-01,45.0,114716.0,73.0,132393.0,201,153658,3.0,30243.0,50.0,34739.0,9.0,60090.0,4.0,12784.0,26.0,418814.0,364.0,647529.0,10.0,174208.0,2266.0,916530.0,431.0,912374.0,2752.0,1959156.0,,11888.0,1847.0,7753459.0,102.0,515881.0,65.0,98253.0
2019-09-01,56.0,115669.0,59.0,115884.0,113,160542,3.0,30124.0,191.0,31121.0,,56196.0,4.0,11914.0,25.0,328522.0,78.0,488504.0,18.0,149712.0,1708.0,668007.0,397.0,833442.0,3652.0,1798568.0,,9369.0,1232.0,6466821.0,91.0,427084.0,14.0,84056.0
