month,Futurology_automation,Futurology_,technology_automation,technology_,science_automation,science_,askscience_automation,askscience_,gadgets_automation,gadgets_,books_automation,books_,scifi_automation,scifi_,movies_automation,movies_,gaming_automation,gaming_,television_automation,television_,news_automation,news_,worldnews_automation,worldnews_,politics_automation,politics_,philosophy_automation,philosophy_,AskReddit_automation,AskReddit_,todayilearned_automation,todayilearned_,explainlikeimfive_automation,explainlikeimfive_
2006-10-01,,,,,,562,,,,,,,,,,,,,,,,,,,,,,,,,,,,
2006-11-01,,,,,,1798,,,,,,,,,,,,,,,,,,,,,,,,,,,,
2006-12-01,,,,,,1848,,,,,,,,,,,,,,,,,,,,,,,,,,,,
2007-01-01,,,,,,2018,,,,,,,,,,,,,,,,,,,,,,,,,,,,
2007-02-01,,,,,,2605,,,,,,,,,,,,,,,,,,,,,,,,,,,,
2007-03-01,,,,,1.0,3946,,,,,,,,,,,,,,,,,,,,,,,,,,,,
2007-04-01,,,,,0.0,3588,,,,,,,,,,,,,,,,,,,,,,,,,,,,
2007-05-01,,,,,0.0,4817,,,,,,,,,,,,,,,,,,,,,,,,,,,,
2007-06-01,,,,,0.0,4351,,,,,,,,,,,,,,,,,,,,,,,,,,,,
2007-07-01,,,,,2.0,5039,,,,,,,,,,,,,,,,,,,,,,,,,,,,
2007-08-01,,,,,0.0,6520,,,,,,,,,,,,,,,,,,,3.0,18816.0,,,,,,,,
2007-09-01,,,,,3.0,6338,,,,173.0,,,,,,,,559.0,,,,,,,0.0,35566.0,,,,,,,,
2007-10-01,,,,,0.0,12404,,,1.0,473.0,,,,,,,,1048.0,,,,,,,0.0,57280.0,,,,,,,,
2007-11-01,,,,,1.0,17082,,,0.0,1033.0,,,,,,,,1780.0,,,,,,,5.0,88473.0,,,,,,,,
2007-12-01,,,,,1.0,15996,,,0.0,929.0,,,,,,,,1915.0,,,,,,,9.0,112025.0,,,,,,,,
2008-01-01,,,,10.0,1.0,18611,,,0.0,1571.0,,5.0,,,,1.0,,2376.0,,,,,,11.0,3.0,144953.0,,25.0,,144.0,,,,
2008-02-01,,,,1563.0,0.0,16635,,,0.0,1181.0,,28.0,,25.0,,9.0,,3972.0,,1.0,,11.0,,1399.0,1.0,109893.0,,113.0,,859.0,,,,
2008-03-01,,,,2645.0,2.0,22874,,,1.0,1714.0,,71.0,,254.0,,11.0,1.0,9313.0,,0.0,,95.0,1.0,12725.0,2.0,83375.0,,548.0,,1133.0,,,,
2008-04-01,,,3.0,9460.0,0.0,31727,,,0.0,2253.0,,120.0,1.0,508.0,,56.0,1.0,10156.0,,4.0,,171.0,1.0,28143.0,1.0,64532.0,,926.0,3.0,4738.0,,,,
2008-05-01,,,1.0,21807.0,2.0,35560,,,1.0,1864.0,,45.0,1.0,1444.0,,74.0,0.0,8085.0,,7.0,,342.0,2.0,33351.0,0.0,74204.0,,670.0,0.0,6154.0,,,,
2008-06-01,,,1.0,27461.0,2.0,30926,,,0.0,2895.0,,428.0,0.0,946.0,,249.0,0.0,11242.0,,2.0,,906.0,1.0,37939.0,1.0,74453.0,,1162.0,0.0,14123.0,,,,
2008-07-01,,,4.0,25020.0,7.0,27827,,,0.0,2886.0,,105.0,0.0,1603.0,,387.0,0.0,13162.0,,5.0,,1644.0,1.0,38002.0,1.0,69812.0,,1645.0,1.0,16598.0,,,,
2008-08-01,,,4.0,24150.0,2.0,28513,,,0.0,2661.0,,154.0,1.0,1601.0,,554.0,0.0,11256.0,,19.0,,1904.0,0.0,38207.0,2.0,76559.0,,1218.0,1.0,18919.0,,,,
2008-09-01,,,4.0,24122.0,1.0,28465,,,0.0,3062.0,,306.0,0.0,1596.0,,668.0,0.0,14328.0,,18.0,,2478.0,2.0,32215.0,0.0,122194.0,,1347.0,1.0,23719.0,,,,
2008-10-01,,,5.0,27441.0,2.0,28881,,,0.0,3009.0,,248.0,0.0,1512.0,,1011.0,0.0,15908.0,,2.0,,2371.0,2.0,28605.0,1.0,143675.0,,2033.0,2.0,30723.0,,,,
2008-11-01,,,7.0,25549.0,5.0,30051,,,1.0,3728.0,,779.0,0.0,2333.0,,1116.0,0.0,18350.0,,12.0,,2698.0,2.0,39885.0,3.0,105362.0,,1783.0,2.0,34824.0,,,,
2008-12-01,,,6.0,33362.0,2.0,33725,,,1.0,2912.0,,1009.0,0.0,1468.0,,1686.0,0.0,19372.0,,14.0,,3656.0,1.0,42641.0,8.0,67176.0,,3008.0,4.0,62211.0,,16.0,,
2009-01-01,,,2.0,36402.0,1.0,33965,,,0.0,3659.0,,1206.0,0.0,2677.0,,2684.0,0.0,24190.0,,13.0,,4571.0,1.0,76578.0,2.0,86497.0,,5069.0,3.0,82261.0,,164.0,,
2009-02-01,,,6.0,34813.0,1.0,35830,,,2.0,2680.0,,715.0,0.0,4197.0,,2509.0,0.0,28259.0,,33.0,,4310.0,3.0,51263.0,11.0,77855.0,,5622.0,2.0,82020.0,,82.0,,
2009-03-01,,,5.0,41427.0,1.0,38766,,,0.0,3184.0,,1279.0,0.0,5994.0,,2791.0,0.0,25175.0,,36.0,,4690.0,4.0,48053.0,7.0,82233.0,,5899.0,9.0,99029.0,,145.0,,
2009-04-01,,,10.0,35053.0,8.0,37402,,,0.0,3686.0,,2514.0,0.0,4869.0,,2965.0,0.0,26780.0,,89.0,,4960.0,3.0,47842.0,4.0,80227.0,,5253.0,6.0,130235.0,,1427.0,,
2009-05-01,,,4.0,30338.0,7.0,48005,,,0.0,3910.0,,1888.0,1.0,6964.0,,4319.0,0.0,37209.0,,40.0,,5251.0,10.0,40552.0,3.0,83222.0,2.0,4495.0,11.0,172018.0,,1847.0,,
2009-06-01,,,2.0,36784.0,0.0,45010,,,1.0,3178.0,,2659.0,2.0,6256.0,,6975.0,5.0,52555.0,,49.0,,5353.0,0.0,53478.0,3.0,92414.0,0.0,7113.0,7.0,146015.0,1.0,2536.0,,
2009-07-01,,,11.0,47160.0,2.0,50523,,,0.0,4324.0,,2736.0,0.0,7421.0,,7431.0,3.0,55863.0,,105.0,1.0,6622.0,1.0,56581.0,6.0,103521.0,0.0,6839.0,6.0,176685.0,0.0,4856.0,,
2009-08-01,,,6.0,41448.0,0.0,47318,,,0.0,3140.0,,3146.0,0.0,9648.0,,7758.0,3.0,56228.0,,171.0,0.0,6840.0,3.0,46669.0,4.0,124178.0,0.0,5442.0,20.0,304714.0,1.0,7694.0,,
2009-09-01,,,10.0,40131.0,4.0,48308,,,0.0,871.0,,6416.0,0.0,9038.0,1.0,9554.0,1.0,62924.0,,103.0,0.0,8675.0,1.0,47916.0,4.0,144365.0,0.0,5435.0,18.0,365304.0,0.0,10794.0,,
2009-10-01,,,9.0,35666.0,7.0,61393,,,0.0,3126.0,,4297.0,1.0,11765.0,0.0,10193.0,3.0,73257.0,,220.0,0.0,9195.0,6.0,55218.0,6.0,114215.0,0.0,7560.0,15.0,450514.0,0.0,11056.0,,
2009-11-01,,,4.0,30767.0,4.0,57572,,,0.0,3305.0,,4856.0,0.0,9897.0,0.0,11664.0,2.0,103623.0,,380.0,0.0,8482.0,0.0,52686.0,14.0,123988.0,0.0,6924.0,13.0,498084.0,0.0,11344.0,,
2009-12-01,,,10.0,37210.0,7.0,67477,,,0.0,3164.0,,5866.0,2.0,10820.0,0.0,17632.0,5.0,112187.0,,421.0,0.0,7497.0,5.0,67205.0,11.0,129555.0,0.0,6430.0,15.0,558862.0,0.0,13601.0,,
2010-01-01,,,9.0,49710.0,6.0,70028,,,0.0,5144.0,,10290.0,2.0,13696.0,0.0,16894.0,10.0,113877.0,,386.0,0.0,8453.0,0.0,65451.0,14.0,146922.0,0.0,9150.0,18.0,623825.0,1.0,16097.0,,
2010-02-01,,,9.0,38071.0,11.0,72123,,,2.0,3886.0,,7250.0,0.0,10153.0,0.0,16259.0,2.0,117687.0,,356.0,1.0,7989.0,6.0,56169.0,7.0,133735.0,0.0,6845.0,19.0,571983.0,0.0,18063.0,,
2010-03-01,,,7.0,40235.0,3.0,71926,,,0.0,5388.0,,9722.0,3.0,14025.0,0.0,22329.0,4.0,150672.0,,268.0,0.0,8739.0,7.0,69017.0,19.0,184497.0,1.0,6075.0,20.0,680055.0,2.0,25399.0,,
2010-04-01,,,9.0,47184.0,1.0,59806,,910.0,0.0,5248.0,1.0,10874.0,1.0,12651.0,0.0,16041.0,6.0,137959.0,,446.0,1.0,8153.0,4.0,66465.0,24.0,172075.0,1.0,6531.0,37.0,609568.0,1.0,24499.0,,
2010-05-01,,,4.0,41477.0,3.0,61970,,851.0,2.0,5169.0,0.0,7502.0,0.0,13561.0,0.0,15360.0,3.0,137873.0,,860.0,1.0,8844.0,2.0,69726.0,27.0,153493.0,0.0,5941.0,18.0,618301.0,1.0,21011.0,,
2010-06-01,,,8.0,44775.0,11.0,66993,,1342.0,2.0,5539.0,0.0,11960.0,0.0,12320.0,0.0,16688.0,3.0,158023.0,,705.0,0.0,10553.0,1.0,79911.0,3.0,170725.0,0.0,5719.0,29.0,686219.0,0.0,24337.0,,
2010-07-01,,,13.0,45639.0,7.0,57789,,1661.0,5.0,7406.0,0.0,14898.0,2.0,15505.0,1.0,30271.0,6.0,173494.0,,1322.0,2.0,12225.0,4.0,66751.0,10.0,155433.0,0.0,9561.0,32.0,839395.0,2.0,28763.0,,
2010-08-01,,,10.0,42287.0,8.0,56885,,2472.0,0.0,7608.0,0.0,13650.0,1.0,10927.0,0.0,28322.0,2.0,156839.0,1.0,988.0,1.0,12914.0,3.0,65546.0,17.0,166897.0,0.0,8090.0,34.0,856959.0,0.0,30985.0,,
2010-09-01,,,7.0,46624.0,0.0,60170,,3843.0,0.0,8205.0,0.0,12679.0,1.0,14390.0,1.0,25372.0,13.0,171555.0,0.0,1266.0,1.0,14647.0,17.0,62576.0,24.0,206643.0,0.0,9636.0,43.0,780008.0,0.0,37466.0,,
2010-10-01,,,46.0,45742.0,9.0,62801,,6036.0,4.0,7904.0,0.0,13746.0,0.0,14522.0,0.0,28638.0,15.0,203424.0,0.0,1517.0,0.0,17454.0,3.0,67291.0,23.0,210480.0,1.0,10718.0,41.0,810680.0,3.0,44529.0,,
2010-11-01,,,12.0,47641.0,5.0,66700,1.0,7166.0,0.0,8323.0,0.0,18313.0,0.0,17821.0,0.0,32193.0,9.0,244828.0,0.0,1990.0,1.0,15476.0,1.0,80233.0,17.0,243931.0,2.0,9668.0,23.0,875972.0,1.0,47765.0,,
2010-12-01,,,12.0,50166.0,7.0,65538,1.0,7001.0,1.0,9832.0,2.0,21895.0,1.0,20321.0,0.0,34370.0,7.0,287401.0,0.0,1950.0,1.0,17082.0,3.0,93829.0,37.0,225594.0,1.0,12437.0,23.0,868018.0,1.0,49672.0,,
2011-01-01,,,12.0,57794.0,30.0,74373,2.0,16525.0,5.0,9341.0,0.0,15823.0,2.0,20592.0,0.0,41259.0,7.0,282681.0,0.0,2262.0,1.0,19297.0,17.0,99724.0,59.0,249219.0,0.0,10257.0,29.0,951063.0,0.0,55756.0,,
2011-02-01,,,10.0,52585.0,8.0,46347,2.0,25366.0,0.0,9281.0,0.0,16143.0,0.0,15183.0,0.0,37100.0,7.0,246898.0,0.0,1897.0,0.0,14559.0,2.0,104610.0,45.0,254932.0,1.0,9604.0,58.0,962095.0,2.0,68882.0,,
2011-03-01,,,12.0,53487.0,5.0,45315,6.0,33452.0,1.0,6951.0,0.0,24300.0,0.0,14221.0,0.0,32956.0,7.0,296774.0,0.0,2166.0,2.0,17500.0,10.0,153477.0,59.0,316521.0,0.0,11249.0,45.0,1187168.0,8.0,97398.0,,
2011-04-01,,,15.0,41963.0,4.0,41159,3.0,32456.0,5.0,5934.0,4.0,23760.0,0.0,13504.0,0.0,31651.0,5.0,328187.0,0.0,3014.0,2.0,14659.0,10.0,112089.0,49.0,276770.0,0.0,12286.0,56.0,1113896.0,6.0,111621.0,,
2011-05-01,,,18.0,50717.0,2.0,45463,3.0,40193.0,0.0,6904.0,0.0,21991.0,2.0,17798.0,0.0,39040.0,8.0,369690.0,0.0,3090.0,1.0,19901.0,23.0,134407.0,35.0,299355.0,1.0,13558.0,49.0,1461819.0,2.0,130072.0,,
2011-06-01,,,22.0,56559.0,8.0,41261,1.0,41711.0,1.0,6542.0,0.0,24831.0,2.0,17135.0,1.0,44622.0,7.0,464487.0,0.0,2453.0,2.0,18007.0,18.0,130947.0,51.0,315783.0,3.0,13381.0,50.0,1648342.0,7.0,132007.0,,
2011-07-01,,,11.0,50856.0,7.0,36687,4.0,49321.0,5.0,5934.0,0.0,22754.0,1.0,15528.0,0.0,52600.0,22.0,433675.0,0.0,2526.0,5.0,22838.0,31.0,136105.0,76.0,347975.0,3.0,10139.0,56.0,1552044.0,3.0,123073.0,2.0,18460.0
2011-08-01,,,8.0,52464.0,1.0,37336,0.0,45576.0,3.0,9124.0,0.0,23822.0,4.0,19605.0,0.0,41884.0,23.0,529818.0,0.0,3374.0,0.0,21493.0,22.0,158142.0,59.0,307820.0,1.0,9357.0,90.0,1801031.0,7.0,159786.0,0.0,40140.0
2011-09-01,,,27.0,47479.0,3.0,35588,2.0,42748.0,0.0,5949.0,0.0,21225.0,2.0,14189.0,2.0,41115.0,10.0,464689.0,0.0,4883.0,2.0,21065.0,34.0,142786.0,78.0,291299.0,5.0,12580.0,40.0,1795766.0,6.0,153302.0,2.0,26683.0
2011-10-01,,,15.0,62447.0,4.0,31492,6.0,64069.0,0.0,6572.0,0.0,21540.0,0.0,15923.0,0.0,42519.0,10.0,491778.0,0.0,5166.0,4.0,26567.0,33.0,134291.0,124.0,394523.0,0.0,14874.0,52.0,1864128.0,3.0,168272.0,1.0,26992.0
2011-11-01,,,40.0,68045.0,4.0,50398,8.0,82647.0,3.0,6802.0,0.0,21597.0,1.0,11137.0,0.0,57136.0,4.0,590160.0,0.0,4398.0,3.0,24820.0,20.0,137686.0,81.0,360573.0,17.0,14275.0,51.0,1742809.0,22.0,146991.0,7.0,27888.0
2011-12-01,,56.0,12.0,86095.0,4.0,47186,3.0,79254.0,2.0,7303.0,0.0,27038.0,3.0,13187.0,0.0,85973.0,4.0,526142.0,0.0,5071.0,3.0,24737.0,20.0,158037.0,63.0,437168.0,1.0,19320.0,39.0,1845280.0,4.0,170597.0,9.0,30075.0
2012-01-01,,88.0,90.0,99261.0,5.0,53501,10.0,69292.0,0.0,8117.0,0.0,26308.0,0.0,11188.0,1.0,102658.0,8.0,516787.0,0.0,7088.0,1.0,26386.0,32.0,169034.0,47.0,490565.0,0.0,20903.0,71.0,2086432.0,13.0,164759.0,2.0,33696.0
2012-02-01,3.0,239.0,10.0,98655.0,19.0,60669,3.0,79002.0,3.0,6130.0,2.0,22108.0,2.0,11783.0,3.0,95967.0,5.0,512379.0,0.0,6437.0,0.0,28212.0,26.0,157303.0,43.0,389673.0,2.0,17193.0,64.0,2157772.0,15.0,181045.0,5.0,35825.0
2012-03-01,3.0,388.0,73.0,115714.0,3.0,58304,2.0,84013.0,3.0,6056.0,1.0,27557.0,2.0,12758.0,2.0,108325.0,7.0,629537.0,0.0,6921.0,2.0,32702.0,10.0,167929.0,30.0,449802.0,1.0,18073.0,58.0,2351809.0,10.0,204036.0,1.0,37019.0
2012-04-01,4.0,1094.0,27.0,105653.0,6.0,69946,1.0,82857.0,1.0,5861.0,2.0,23996.0,0.0,10066.0,0.0,115687.0,8.0,575817.0,0.0,6852.0,3.0,38543.0,10.0,160956.0,62.0,370597.0,0.0,18670.0,57.0,2491857.0,3.0,212222.0,5.0,30658.0
2012-05-01,8.0,1694.0,21.0,119344.0,13.0,70967,4.0,71884.0,5.0,5481.0,0.0,28818.0,2.0,11937.0,0.0,154150.0,11.0,610472.0,0.0,9717.0,2.0,40428.0,35.0,190601.0,50.0,407570.0,1.0,18042.0,299.0,2902931.0,5.0,254449.0,4.0,32923.0
2012-06-01,2.0,2548.0,39.0,146936.0,13.0,74050,5.0,64173.0,4.0,6950.0,0.0,26517.0,0.0,15276.0,5.0,182512.0,9.0,725191.0,0.0,8332.0,2.0,40621.0,21.0,192127.0,90.0,417406.0,2.0,19455.0,132.0,3277865.0,12.0,252136.0,1.0,36312.0
2012-07-01,16.0,3530.0,49.0,154792.0,7.0,73998,7.0,65663.0,1.0,6619.0,0.0,30222.0,4.0,12211.0,4.0,211700.0,11.0,900009.0,0.0,9023.0,5.0,63451.0,21.0,194168.0,98.0,499094.0,0.0,19720.0,176.0,3447621.0,11.0,315156.0,2.0,39660.0
2012-08-01,65.0,11594.0,93.0,168998.0,20.0,91247,4.0,66565.0,0.0,5965.0,0.0,33492.0,3.0,13659.0,2.0,216260.0,14.0,677619.0,0.0,8683.0,2.0,58244.0,31.0,247466.0,57.0,604885.0,2.0,16865.0,77.0,3743122.0,20.0,335358.0,3.0,50317.0
2012-09-01,35.0,8020.0,70.0,177140.0,9.0,81375,1.0,58063.0,1.0,7583.0,0.0,21515.0,2.0,11658.0,1.0,172784.0,6.0,608099.0,0.0,8764.0,13.0,55191.0,33.0,287433.0,96.0,552764.0,1.0,15583.0,72.0,3146363.0,9.0,307876.0,5.0,48229.0
2012-10-01,19.0,9250.0,100.0,156223.0,10.0,83268,3.0,63187.0,2.0,7833.0,0.0,22590.0,1.0,14891.0,2.0,183852.0,7.0,569662.0,0.0,10007.0,3.0,48895.0,30.0,230617.0,61.0,614150.0,1.0,14887.0,63.0,3203595.0,18.0,326844.0,5.0,44229.0
2012-11-01,34.0,7328.0,71.0,160700.0,9.0,79410,6.0,51444.0,1.0,7923.0,0.0,26225.0,0.0,11180.0,3.0,201534.0,8.0,640522.0,0.0,9004.0,6.0,42578.0,36.0,272576.0,177.0,601005.0,4.0,15864.0,82.0,3213379.0,10.0,304282.0,4.0,42939.0
2012-12-01,48.0,12024.0,122.0,159448.0,8.0,79759,2.0,48056.0,2.0,7060.0,1.0,28850.0,2.0,12161.0,2.0,194728.0,10.0,658034.0,0.0,8617.0,13.0,68637.0,20.0,276976.0,93.0,472549.0,1.0,18844.0,106.0,3508359.0,17.0,346063.0,1.0,48108.0
2013-01-01,65.0,12941.0,135.0,203171.0,13.0,89840,5.0,52015.0,2.0,7811.0,0.0,29399.0,0.0,12939.0,2.0,211542.0,17.0,703461.0,0.0,10674.0,9.0,65623.0,60.0,280247.0,121.0,506809.0,1.0,23832.0,83.0,4372126.0,17.0,384907.0,24.0,61035.0
2013-02-01,82.0,12095.0,183.0,197048.0,13.0,76238,2.0,42916.0,1.0,6211.0,0.0,26331.0,5.0,13378.0,1.0,175097.0,7.0,595258.0,0.0,8719.0,8.0,89314.0,33.0,285097.0,213.0,433931.0,14.0,20643.0,137.0,3546840.0,30.0,380525.0,4.0,49436.0
2013-03-01,91.0,13809.0,53.0,197135.0,7.0,90009,9.0,45333.0,5.0,7489.0,0.0,27123.0,0.0,11638.0,2.0,196159.0,7.0,676814.0,0.0,8841.0,1.0,69717.0,33.0,368511.0,151.0,418384.0,3.0,16322.0,132.0,4010604.0,41.0,416853.0,4.0,56990.0
2013-04-01,145.0,14587.0,91.0,199333.0,13.0,100134,2.0,49562.0,5.0,5478.0,0.0,24922.0,1.0,12749.0,3.0,207198.0,9.0,654302.0,0.0,10642.0,4.0,248829.0,38.0,507245.0,179.0,455869.0,0.0,13136.0,91.0,3995359.0,15.0,431953.0,8.0,58632.0
2013-05-01,128.0,19763.0,70.0,210553.0,5.0,99332,1.0,42737.0,2.0,6278.0,1.0,24020.0,2.0,13807.0,3.0,244021.0,25.0,784370.0,0.0,13012.0,21.0,184904.0,28.0,397357.0,199.0,440744.0,3.0,12776.0,159.0,3940227.0,15.0,425447.0,3.0,49629.0
2013-06-01,190.0,15135.0,129.0,205850.0,10.0,82450,1.0,40002.0,4.0,6585.0,1.0,29263.0,1.0,14062.0,1.0,212144.0,22.0,1454977.0,2.0,9449.0,6.0,161356.0,37.0,334723.0,214.0,414190.0,9.0,12170.0,114.0,3904314.0,20.0,418554.0,3.0,46742.0
2013-07-01,194.0,14857.0,80.0,170219.0,6.0,99453,5.0,42897.0,2.0,5619.0,0.0,60138.0,0.0,15521.0,2.0,282376.0,11.0,988879.0,0.0,22389.0,32.0,227390.0,59.0,399545.0,240.0,417265.0,1.0,12127.0,213.0,4336740.0,44.0,461472.0,20.0,92802.0
2013-08-01,232.0,20575.0,204.0,210999.0,10.0,96671,7.0,50458.0,3.0,6176.0,1.0,77700.0,2.0,14855.0,18.0,259369.0,4.0,798010.0,0.0,31279.0,107.0,200960.0,91.0,391544.0,363.0,325334.0,2.0,12422.0,184.0,3930570.0,26.0,436515.0,33.0,139693.0
2013-09-01,292.0,18766.0,234.0,188295.0,21.0,92580,3.0,43049.0,4.0,6174.0,0.0,53355.0,2.0,10799.0,4.0,192048.0,8.0,714819.0,0.0,35611.0,67.0,189442.0,69.0,408585.0,201.0,289758.0,3.0,9587.0,87.0,3552662.0,58.0,357889.0,23.0,132135.0
2013-10-01,212.0,15154.0,197.0,210055.0,7.0,98046,2.0,39430.0,5.0,6254.0,3.0,58356.0,0.0,14792.0,2.0,214783.0,9.0,611508.0,1.0,38188.0,111.0,256961.0,164.0,359518.0,158.0,383427.0,2.0,10637.0,276.0,4095538.0,50.0,459103.0,32.0,148750.0
2013-11-01,365.0,22548.0,176.0,209942.0,13.0,75544,4.0,43015.0,3.0,5934.0,0.0,55879.0,5.0,15132.0,2.0,212137.0,13.0,801638.0,1.0,55822.0,81.0,221877.0,57.0,344022.0,193.0,246923.0,2.0,10682.0,156.0,4129483.0,40.0,435105.0,44.0,132576.0
2013-12-01,255.0,18140.0,169.0,217185.0,5.0,74569,8.0,42665.0,20.0,7801.0,2.0,62008.0,4.0,12882.0,4.0,240583.0,13.0,593319.0,3.0,45989.0,153.0,244224.0,149.0,389555.0,543.0,231486.0,6.0,12503.0,686.0,4306039.0,72.0,450177.0,56.0,161385.0
2014-01-01,397.0,21230.0,363.0,239017.0,3.0,86906,5.0,51420.0,20.0,7860.0,3.0,72829.0,12.0,12279.0,1.0,257928.0,10.0,621818.0,0.0,54287.0,73.0,264845.0,424.0,440292.0,419.0,250320.0,1.0,10649.0,313.0,4392050.0,17.0,484446.0,90.0,177732.0
2014-02-01,185.0,15134.0,106.0,201045.0,5.0,79451,7.0,49114.0,4.0,6255.0,2.0,53837.0,2.0,13536.0,1.0,214946.0,11.0,500579.0,0.0,49489.0,77.0,240164.0,74.0,346169.0,201.0,209800.0,4.0,8946.0,147.0,3730143.0,57.0,408765.0,17.0,156739.0
2014-03-01,469.0,22127.0,666.0,233781.0,12.0,95816,8.0,56898.0,2.0,6566.0,5.0,81314.0,5.0,12690.0,4.0,245404.0,10.0,511765.0,3.0,54645.0,82.0,343530.0,69.0,639733.0,273.0,214429.0,2.0,10795.0,267.0,4137213.0,46.0,476573.0,51.0,187461.0
2014-04-01,272.0,20558.0,111.0,188801.0,8.0,89943,3.0,54320.0,1.0,5916.0,2.0,71807.0,6.0,12490.0,5.0,248594.0,13.0,428171.0,2.0,61772.0,55.0,306415.0,64.0,438622.0,252.0,234795.0,2.0,8444.0,222.0,4240732.0,68.0,470928.0,29.0,160125.0
2014-05-01,559.0,43903.0,117.0,143746.0,12.0,77195,3.0,53608.0,8.0,13267.0,5.0,83024.0,3.0,12331.0,4.0,284265.0,13.0,443167.0,1.0,59598.0,166.0,273893.0,328.0,450551.0,360.0,208054.0,11.0,20029.0,182.0,4100290.0,39.0,481337.0,52.0,171783.0
2014-06-01,403.0,42587.0,94.0,122650.0,19.0,78943,3.0,45291.0,34.0,17592.0,2.0,66127.0,2.0,10755.0,7.0,253548.0,14.0,513802.0,1.0,49245.0,147.0,326152.0,138.0,407088.0,217.0,238573.0,4.0,16793.0,199.0,4075383.0,66.0,447316.0,20.0,176826.0
2014-07-01,514.0,50913.0,116.0,129235.0,5.0,73684,3.0,40794.0,27.0,23404.0,0.0,80830.0,2.0,12451.0,3.0,288717.0,11.0,434699.0,5.0,63577.0,131.0,334540.0,184.0,778955.0,231.0,240518.0,2.0,16813.0,294.0,4829146.0,25.0,509263.0,31.0,208484.0
2014-08-01,575.0,45724.0,96.0,153822.0,15.0,75157,10.0,46403.0,14.0,20185.0,2.0,71034.0,5.0,12079.0,8.0,320932.0,12.0,488487.0,2.0,61653.0,46.0,429003.0,51.0,756978.0,177.0,216458.0,6.0,17579.0,266.0,4658614.0,120.0,505326.0,33.0,190486.0
2014-09-01,416.0,40718.0,70.0,164441.0,19.0,95730,2.0,45444.0,13.0,32307.0,2.0,68427.0,8.0,9282.0,7.0,259859.0,4.0,348863.0,2.0,58408.0,221.0,393211.0,105.0,625737.0,240.0,195318.0,26.0,13905.0,239.0,3994094.0,42.0,444843.0,71.0,178618.0
2014-10-01,360.0,44157.0,57.0,158760.0,7.0,84986,4.0,47977.0,13.0,26570.0,2.0,55050.0,1.0,10488.0,2.0,276013.0,4.0,328927.0,4.0,73514.0,117.0,414994.0,166.0,582970.0,219.0,207781.0,98.0,20861.0,253.0,3918782.0,38.0,467260.0,71.0,189797.0
2014-11-01,248.0,43477.0,84.0,139878.0,12.0,72630,4.0,47642.0,24.0,21466.0,0.0,63871.0,0.0,11139.0,12.0,307992.0,6.0,384742.0,2.0,63870.0,110.0,441544.0,56.0,464014.0,125.0,256737.0,8.0,13752.0,459.0,3647570.0,109.0,426981.0,42.0,182657.0
2014-12-01,588.0,49846.0,327.0,153048.0,13.0,78060,10.0,43613.0,10.0,21640.0,3.0,71930.0,10.0,13267.0,4.0,357879.0,4.0,369259.0,1.0,82100.0,138.0,491026.0,108.0,546618.0,168.0,204419.0,11.0,15586.0,347.0,4033299.0,38.0,489047.0,98.0,218762.0
2015-01-01,546.0,52346.0,63.0,152611.0,16.0,89549,1.0,50160.0,20.0,27069.0,5.0,78575.0,0.0,12478.0,7.0,370381.0,11.0,383858.0,2.0,70940.0,150.0,441657.0,131.0,670869.0,245.0,220647.0,18.0,24192.0,334.0,4712729.0,78.0,599295.0,62.0,233883.0
2015-02-01,611.0,54062.0,59.0,153469.0,12.0,87412,0.0,50590.0,24.0,23400.0,0.0,57680.0,0.0,11890.0,6.0,333552.0,3.0,372998.0,3.0,84337.0,82.0,405582.0,86.0,546080.0,93.0,197702.0,28.0,13908.0,286.0,3884138.0,62.0,489837.0,53.0,199511.0
2015-03-01,665.0,61942.0,128.0,155711.0,20.0,100932,3.0,52080.0,15.0,22734.0,2.0,66975.0,1.0,12104.0,3.0,322439.0,7.0,381865.0,3.0,90599.0,103.0,471788.0,116.0,570683.0,127.0,243707.0,7.0,19945.0,316.0,4110324.0,39.0,558041.0,103.0,228661.0
2015-04-01,525.0,59075.0,56.0,143946.0,7.0,78456,5.0,55084.0,13.0,24363.0,0.0,85854.0,2.0,14509.0,3.0,388167.0,8.0,447395.0,3.0,87407.0,122.0,569881.0,106.0,496262.0,197.0,250930.0,3.0,19176.0,270.0,4158851.0,88.0,514278.0,57.0,211747.0
2015-05-01,1012.0,75001.0,74.0,137142.0,10.0,89413,4.0,53017.0,23.0,25173.0,17.0,72193.0,7.0,11893.0,12.0,376601.0,9.0,361264.0,4.0,96754.0,210.0,548287.0,110.0,490346.0,279.0,244927.0,43.0,16943.0,622.0,4234943.0,105.0,519899.0,178.0,223148.0
2015-06-01,938.0,66115.0,146.0,140422.0,15.0,81042,1.0,45731.0,22.0,25755.0,2.0,67683.0,18.0,14116.0,15.0,322457.0,12.0,524641.0,4.0,113161.0,142.0,581187.0,261.0,524528.0,242.0,283548.0,19.0,17570.0,265.0,4140431.0,137.0,470202.0,70.0,213406.0
2015-07-01,957.0,67026.0,111.0,204302.0,72.0,92715,1.0,57506.0,13.0,25820.0,2.0,86849.0,15.0,11847.0,5.0,399828.0,12.0,387310.0,0.0,91513.0,278.0,611569.0,183.0,572139.0,423.0,337658.0,3.0,14569.0,523.0,4377930.0,33.0,533598.0,85.0,232282.0
2015-08-01,712.0,56303.0,161.0,162453.0,6.0,80139,9.0,57130.0,46.0,24364.0,7.0,78081.0,0.0,10703.0,6.0,387407.0,26.0,366750.0,5.0,101748.0,170.0,613712.0,179.0,538333.0,360.0,382764.0,0.0,15508.0,525.0,4269060.0,77.0,544576.0,135.0,217703.0
2015-09-01,948.0,61724.0,108.0,148485.0,17.0,79722,1.0,50162.0,52.0,28443.0,5.0,57313.0,5.0,11445.0,6.0,308777.0,5.0,354836.0,21.0,115506.0,255.0,542414.0,188.0,618790.0,300.0,411708.0,4.0,16050.0,642.0,3949489.0,78.0,529890.0,57.0,217125.0
2015-10-01,523.0,78711.0,82.0,165993.0,47.0,105117,4.0,52747.0,12.0,29447.0,1.0,56015.0,10.0,11284.0,3.0,372576.0,12.0,400557.0,7.0,98320.0,178.0,608464.0,237.0,633161.0,315.0,530228.0,17.0,16586.0,360.0,4058659.0,53.0,515580.0,88.0,219586.0
2015-11-01,600.0,65039.0,130.0,125742.0,6.0,88565,1.0,47043.0,26.0,29877.0,1.0,63913.0,1.0,10021.0,9.0,356381.0,18.0,481903.0,6.0,102633.0,192.0,665606.0,231.0,818110.0,457.0,504971.0,3.0,15042.0,360.0,4072778.0,40.0,455799.0,275.0,221704.0
2015-12-01,642.0,70597.0,84.0,151215.0,7.0,84129,4.0,49664.0,15.0,29808.0,2.0,68060.0,5.0,16263.0,13.0,538616.0,30.0,392822.0,14.0,109631.0,176.0,804649.0,221.0,639233.0,180.0,586805.0,5.0,13896.0,363.0,4412697.0,54.0,517083.0,99.0,222400.0
2016-01-01,619.0,69621.0,167.0,143404.0,24.0,84261,2.0,48881.0,11.0,23257.0,0.0,80222.0,4.0,13572.0,6.0,482486.0,4.0,356731.0,0.0,121921.0,213.0,719681.0,299.0,765418.0,370.0,763624.0,21.0,16576.0,564.0,4713176.0,90.0,544662.0,124.0,225730.0
2016-02-01,1067.0,76261.0,292.0,166167.0,182.0,86158,6.0,47574.0,8.0,24442.0,2.0,67698.0,2.0,10768.0,5.0,431584.0,14.0,330173.0,3.0,116982.0,264.0,573913.0,200.0,523743.0,475.0,1306979.0,7.0,14906.0,324.0,4217458.0,84.0,496227.0,174.0,201438.0
2016-03-01,1106.0,79230.0,217.0,142963.0,16.0,85202,6.0,47749.0,20.0,28539.0,4.0,68882.0,4.0,12373.0,17.0,493253.0,12.0,377852.0,15.0,118967.0,311.0,560741.0,534.0,609560.0,774.0,1630365.0,10.0,17185.0,686.0,4411186.0,65.0,514174.0,153.0,194052.0
2016-04-01,1297.0,84006.0,257.0,140830.0,45.0,95052,7.0,43897.0,56.0,32991.0,18.0,71821.0,3.0,9958.0,5.0,486981.0,41.0,380710.0,15.0,112497.0,168.0,517184.0,224.0,543268.0,756.0,1325274.0,2.0,14348.0,377.0,4399509.0,78.0,499431.0,100.0,173963.0
2016-05-01,1675.0,86675.0,842.0,152865.0,22.0,84759,4.0,42645.0,26.0,28195.0,2.0,65972.0,4.0,10674.0,4.0,455249.0,15.0,481148.0,6.0,123177.0,722.0,580117.0,727.0,585533.0,689.0,1286712.0,25.0,15874.0,436.0,4504291.0,83.0,513393.0,152.0,166326.0
2016-06-01,1386.0,83733.0,130.0,154349.0,15.0,73415,2.0,48091.0,19.0,29315.0,5.0,71825.0,3.0,10043.0,3.0,417320.0,10.0,479077.0,0.0,123232.0,240.0,720563.0,378.0,731553.0,677.0,1360553.0,14.0,16579.0,576.0,4595724.0,107.0,462229.0,34.0,148820.0
2016-07-01,1043.0,78961.0,208.0,155670.0,9.0,89831,1.0,48321.0,9.0,30777.0,2.0,70896.0,1.0,11967.0,7.0,480236.0,13.0,396168.0,5.0,132081.0,143.0,768703.0,515.0,864721.0,763.0,1876939.0,11.0,21976.0,420.0,4886957.0,75.0,431973.0,40.0,131070.0
2016-08-01,1254.0,89328.0,126.0,135489.0,6.0,95074,2.0,45982.0,14.0,29761.0,5.0,84680.0,0.0,10978.0,8.0,539455.0,21.0,461656.0,9.0,163483.0,456.0,582453.0,196.0,677008.0,798.0,1465028.0,3.0,17357.0,505.0,5116322.0,96.0,458352.0,75.0,134492.0
2016-09-01,1407.0,87098.0,256.0,162137.0,22.0,88100,4.0,49157.0,24.0,41597.0,4.0,66714.0,11.0,10300.0,9.0,350594.0,14.0,399526.0,5.0,153585.0,132.0,572037.0,392.0,602345.0,1009.0,1798969.0,5.0,13083.0,661.0,4529096.0,105.0,439044.0,125.0,122993.0
2016-10-01,1167.0,104994.0,190.0,159957.0,20.0,72083,6.0,41005.0,7.0,52615.0,8.0,71108.0,1.0,8508.0,8.0,322114.0,15.0,470172.0,6.0,145606.0,232.0,541114.0,359.0,602987.0,550.0,2248505.0,3.0,15802.0,453.0,4755738.0,71.0,439086.0,71.0,130116.0
2016-11-01,2854.0,140319.0,1119.0,178045.0,28.0,82337,31.0,45159.0,18.0,29414.0,5.0,64321.0,3.0,10118.0,9.0,322840.0,26.0,443280.0,60.0,178783.0,664.0,636531.0,713.0,620626.0,2824.0,2654567.0,12.0,21656.0,687.0,4738072.0,72.0,425345.0,72.0,137958.0
2016-12-01,3743.0,134993.0,532.0,162635.0,28.0,90410,3.0,43586.0,45.0,41847.0,9.0,79309.0,6.0,11384.0,30.0,416695.0,16.0,484584.0,21.0,164930.0,712.0,620686.0,632.0,766258.0,3222.0,1797923.0,1.0,14728.0,1213.0,5121161.0,209.0,481198.0,112.0,159141.0
2017-01-01,2351.0,126124.0,378.0,170450.0,33.0,87618,1.0,49212.0,21.0,39593.0,16.0,89458.0,14.0,10350.0,16.0,404581.0,26.0,504531.0,29.0,168433.0,1276.0,946227.0,1250.0,1019006.0,1692.0,2230022.0,5.0,21419.0,1287.0,5313830.0,112.0,489336.0,90.0,163318.0
2017-02-01,2583.0,121920.0,859.0,139259.0,36.0,86215,4.0,42911.0,35.0,27607.0,3.0,83071.0,5.0,9486.0,18.0,399193.0,9.0,418854.0,31.0,192469.0,492.0,796761.0,564.0,836502.0,925.0,1970905.0,48.0,22370.0,776.0,4450117.0,155.0,456833.0,759.0,152368.0
2017-03-01,3014.0,115929.0,611.0,178170.0,30.0,97784,9.0,49470.0,45.0,30264.0,7.0,77423.0,8.0,14752.0,18.0,477516.0,20.0,562149.0,14.0,174963.0,420.0,659546.0,440.0,819574.0,755.0,1822765.0,13.0,21560.0,936.0,5139326.0,229.0,483598.0,114.0,170652.0
2017-04-01,1003.0,88855.0,190.0,127458.0,31.0,105017,6.0,50908.0,17.0,41457.0,14.0,91827.0,4.0,10708.0,7.0,345106.0,18.0,470602.0,14.0,159893.0,493.0,722775.0,488.0,868838.0,764.0,1411121.0,3.0,17024.0,713.0,5062192.0,103.0,477476.0,162.0,150649.0
2017-05-01,1245.0,110433.0,891.0,139136.0,173.0,91449,1.0,49821.0,8.0,28913.0,16.0,84811.0,1.0,9065.0,11.0,397599.0,16.0,464366.0,22.0,216249.0,412.0,738581.0,553.0,988519.0,764.0,2030187.0,11.0,16107.0,960.0,5477121.0,70.0,496047.0,238.0,149208.0
2017-06-01,1487.0,117869.0,779.0,125125.0,28.0,105277,2.0,58149.0,20.0,37715.0,15.0,70676.0,1.0,7895.0,12.0,404619.0,24.0,576207.0,15.0,168260.0,630.0,755004.0,548.0,909940.0,828.0,1818667.0,13.0,14185.0,916.0,5236463.0,124.0,454635.0,68.0,133927.0
2017-07-01,1070.0,87475.0,449.0,127139.0,9.0,107387,3.0,48231.0,23.0,30978.0,6.0,86259.0,22.0,10482.0,14.0,461876.0,14.0,423183.0,14.0,220545.0,468.0,647178.0,288.0,742803.0,744.0,1711021.0,6.0,14222.0,1205.0,5467148.0,137.0,492166.0,75.0,132028.0
2017-08-01,1215.0,78575.0,211.0,154170.0,38.0,112192,6.0,48557.0,28.0,27217.0,6.0,86788.0,2.0,9744.0,9.0,393650.0,23.0,459526.0,19.0,200879.0,307.0,860524.0,346.0,741489.0,653.0,1824183.0,5.0,18059.0,810.0,5251325.0,70.0,466621.0,27.0,116235.0
2017-09-01,1046.0,96642.0,146.0,142947.0,25.0,115390,0.0,46936.0,14.0,48229.0,4.0,81035.0,2.0,15154.0,4.0,375149.0,21.0,440709.0,11.0,200070.0,588.0,760510.0,391.0,743358.0,565.0,1339216.0,88.0,19566.0,690.0,4761416.0,80.0,468165.0,296.0,112811.0
2017-10-01,752.0,98416.0,151.0,129430.0,49.0,122227,9.0,48349.0,28.0,41941.0,4.0,76470.0,4.0,14297.0,10.0,405317.0,36.0,551013.0,16.0,222215.0,223.0,914166.0,288.0,761347.0,384.0,1587025.0,34.0,17096.0,732.0,4827533.0,76.0,444382.0,13.0,86169.0
2017-11-01,744.0,96733.0,94.0,160754.0,53.0,125703,10.0,50027.0,36.0,36507.0,9.0,82729.0,4.0,8937.0,6.0,468864.0,33.0,808717.0,8.0,280782.0,342.0,817246.0,444.0,790343.0,565.0,1618003.0,8.0,16276.0,664.0,5018200.0,92.0,544051.0,67.0,89996.0
2017-12-01,565.0,99698.0,252.0,166768.0,14.0,112742,7.0,50680.0,28.0,33618.0,8.0,73874.0,10.0,11633.0,18.0,581236.0,28.0,593259.0,7.0,176532.0,323.0,775487.0,511.0,750840.0,697.0,1718151.0,7.0,19335.0,762.0,5154549.0,96.0,465705.0,25.0,86205.0
2018-01-01,2637.0,111844.0,343.0,141021.0,43.0,118836,2.0,45704.0,12.0,34287.0,13.0,98800.0,2.0,12474.0,19.0,508580.0,13.0,529835.0,6.0,228140.0,460.0,786220.0,461.0,817698.0,709.0,1833155.0,18.0,14692.0,918.0,5189011.0,71.0,531789.0,13.0,83118.0
2018-02-01,963.0,95052.0,347.0,144462.0,17.0,112499,7.0,49012.0,9.0,36625.0,4.0,75307.0,11.0,13119.0,10.0,460481.0,23.0,537868.0,13.0,172307.0,337.0,884021.0,355.0,632136.0,528.0,1772210.0,37.0,15269.0,687.0,4881605.0,63.0,530083.0,15.0,90835.0
2018-03-01,1286.0,123750.0,137.0,159786.0,29.0,128385,4.0,46955.0,14.0,34877.0,11.0,93601.0,4.0,9354.0,22.0,492160.0,12.0,640622.0,6.0,168683.0,227.0,871283.0,399.0,858995.0,522.0,1979944.0,27.0,30129.0,1256.0,5372949.0,122.0,549412.0,37.0,89366.0
2018-04-01,845.0,93317.0,184.0,135521.0,15.0,106749,5.0,41782.0,27.0,18249.0,0.0,78979.0,3.0,11148.0,6.0,472151.0,17.0,610583.0,12.0,164855.0,233.0,755737.0,746.0,860540.0,634.0,1742590.0,11.0,17527.0,686.0,5270793.0,92.0,550151.0,17.0,93334.0
2018-05-01,798.0,84283.0,512.0,144157.0,12.0,97354,2.0,43222.0,28.0,31493.0,14.0,90809.0,5.0,16094.0,11.0,464060.0,32.0,716857.0,7.0,218073.0,545.0,794269.0,482.0,902518.0,610.0,1722110.0,179.0,19946.0,604.0,5518935.0,87.0,539402.0,15.0,89079.0
2018-06-01,728.0,77394.0,190.0,131567.0,19.0,106488,2.0,43268.0,14.0,27838.0,5.0,78623.0,2.0,14540.0,8.0,405987.0,30.0,828268.0,7.0,182573.0,433.0,811815.0,641.0,1062784.0,539.0,2031934.0,105.0,20048.0,800.0,5348028.0,66.0,469375.0,23.0,90496.0
2018-07-01,683.0,89899.0,181.0,155088.0,50.0,141910,3.0,38526.0,20.0,31397.0,22.0,84008.0,3.0,15415.0,9.0,519702.0,27.0,635768.0,4.0,174493.0,314.0,802742.0,519.0,1079831.0,652.0,2048489.0,45.0,21293.0,670.0,5652408.0,67.0,501654.0,16.0,93639.0
2018-08-01,217.0,97329.0,99.0,162301.0,27.0,154570,3.0,41194.0,6.0,31309.0,6.0,72274.0,3.0,13123.0,5.0,402529.0,19.0,628372.0,4.0,167615.0,363.0,805752.0,402.0,890677.0,661.0,1969566.0,6.0,20072.0,668.0,5765526.0,72.0,570018.0,16.0,82372.0
2018-09-01,567.0,102157.0,123.0,154483.0,14.0,110677,8.0,35002.0,2.0,30074.0,4.0,68040.0,4.0,9988.0,15.0,385892.0,22.0,711163.0,5.0,148009.0,202.0,618991.0,402.0,807132.0,475.0,2245297.0,8.0,18697.0,845.0,5239694.0,120.0,515023.0,22.0,79283.0
2018-10-01,619.0,98442.0,325.0,139726.0,18.0,128346,3.0,38091.0,6.0,32278.0,4.0,72544.0,10.0,11432.0,4.0,363918.0,31.0,693735.0,4.0,159497.0,530.0,758533.0,274.0,834164.0,446.0,2208780.0,17.0,13291.0,711.0,5834041.0,79.0,530180.0,18.0,85685.0
2018-11-01,477.0,92589.0,150.0,110920.0,48.0,107122,4.0,41245.0,14.0,29988.0,3.0,66455.0,12.0,8182.0,11.0,339471.0,21.0,836769.0,2.0,133031.0,182.0,730270.0,409.0,850529.0,480.0,2242148.0,7.0,13448.0,534.0,5615438.0,61.0,508915.0,27.0,96958.0
2018-12-01,387.0,92908.0,279.0,131494.0,29.0,118250,2.0,39319.0,7.0,32815.0,5.0,82044.0,1.0,13735.0,5.0,459659.0,34.0,876285.0,7.0,138979.0,197.0,646910.0,394.0,856347.0,415.0,1856398.0,5.0,13468.0,535.0,6003121.0,108.0,537275.0,34.0,103943.0
2019-01-01,473.0,112917.0,421.0,147228.0,29.0,130999,6.0,48363.0,27.0,37943.0,12.0,116359.0,4.0,15071.0,2.0,468402.0,37.0,782731.0,3.0,145932.0,404.0,745642.0,472.0,911354.0,631.0,2670435.0,18.0,15316.0,815.0,6969614.0,79.0,585388.0,39.0,101386.0
2019-02-01,488.0,108333.0,413.0,134707.0,71.0,119460,4.0,38294.0,12.0,29620.0,2.0,55963.0,1.0,12890.0,24.0,445479.0,57.0,781667.0,3.0,143410.0,201.0,620350.0,434.0,726938.0,1053.0,2224000.0,2.0,14080.0,1583.0,6092668.0,90.0,525414.0,21.0,86845.0
2019-03-01,1503.0,107705.0,339.0,144581.0,26.0,130499,5.0,46738.0,10.0,32606.0,9.0,70038.0,2.0,11562.0,9.0,474097.0,61.0,809241.0,33.0,148565.0,328.0,773857.0,373.0,1113851.0,1521.0,2092409.0,7.0,13891.0,759.0,6655630.0,126.0,590859.0,30.0,86166.0
2019-04-01,693.0,102047.0,106.0,140659.0,62.0,156474,1.0,40239.0,10.0,33709.0,17.0,57124.0,5.0,9628.0,18.0,510046.0,24.0,670338.0,9.0,158243.0,216.0,601073.0,446.0,886035.0,1123.0,1757892.0,25.0,15410.0,730.0,6620143.0,88.0,516064.0,39.0,89261.0
2019-05-01,613.0,107280.0,691.0,125815.0,118.0,159447,3.0,33419.0,7.0,36212.0,4.0,68353.0,4.0,10611.0,13.0,431486.0,30.0,574920.0,14.0,218658.0,373.0,606868.0,350.0,773045.0,855.0,1687479.0,30.0,16968.0,813.0,6891945.0,104.0,487543.0,65.0,95845.0
2019-06-01,393.0,98315.0,673.0,124127.0,50.0,136981,2.0,37614.0,22.0,37023.0,15.0,67367.0,5.0,11352.0,10.0,356860.0,35.0,667451.0,0.0,153386.0,175.0,627286.0,396.0,841639.0,1203.0,1722091.0,20.0,14143.0,598.0,7290460.0,63.0,445427.0,24.0,82442.0
2019-07-01,249.0,103362.0,294.0,131889.0,39.0,155712,1.0,34065.0,10.0,26600.0,10.0,77020.0,3.0,10915.0,15.0,507722.0,41.0,611020.0,45.0,157358.0,227.0,688370.0,545.0,831574.0,924.0,2095722.0,13.0,14636.0,650.0,8081676.0,60.0,507032.0,21.0,89647.0
2019-08-01,843.0,114716.0,143.0,132393.0,37.0,153658,1.0,30243.0,5.0,34739.0,12.0,60090.0,3.0,12784.0,19.0,418814.0,42.0,647529.0,10.0,174208.0,383.0,916530.0,500.0,912374.0,2630.0,1959156.0,11.0,11888.0,671.0,7753459.0,104.0,515881.0,20.0,98253.0
2019-09-01,393.0,115697.0,150.0,115898.0,114.0,160599,13.0,30132.0,24.0,31129.0,3.0,56210.0,1.0,11918.0,12.0,328586.0,23.0,488650.0,7.0,149740.0,236.0,668122.0,238.0,833601.0,1321.0,1798925.0,2.0,9369.0,657.0,6468682.0,62.0,427200.0,18.0,84077.0
