month,Futurology_AI,Futurology_,technology_AI,technology_,science_AI,science_,askscience_AI,askscience_,gadgets_AI,gadgets_,books_AI,books_,scifi_AI,scifi_,movies_AI,movies_,gaming_AI,gaming_,television_AI,television_,news_AI,news_,worldnews_AI,worldnews_,politics_AI,politics_,philosophy_AI,philosophy_,AskReddit_AI,AskReddit_,todayilearned_AI,todayilearned_,explainlikeimfive_AI,explainlikeimfive_
2006-10-01,,,,,1,562,,,,,,,,,,,,,,,,,,,,,,,,,,,,
2006-11-01,,,,,3,1798,,,,,,,,,,,,,,,,,,,,,,,,,,,,
2006-12-01,,,,,0,1848,,,,,,,,,,,,,,,,,,,,,,,,,,,,
2007-01-01,,,,,0,2018,,,,,,,,,,,,,,,,,,,,,,,,,,,,
2007-02-01,,,,,5,2605,,,,,,,,,,,,,,,,,,,,,,,,,,,,
2007-03-01,,,,,11,3946,,,,,,,,,,,,,,,,,,,,,,,,,,,,
2007-04-01,,,,,4,3588,,,,,,,,,,,,,,,,,,,,,,,,,,,,
2007-05-01,,,,,1,4817,,,,,,,,,,,,,,,,,,,,,,,,,,,,
2007-06-01,,,,,0,4351,,,,,,,,,,,,,,,,,,,,,,,,,,,,
2007-07-01,,,,,3,5039,,,,,,,,,,,,,,,,,,,,,,,,,,,,
2007-08-01,,,,,5,6520,,,,,,,,,,,,,,,,,,,,18816.0,,,,,,,,
2007-09-01,,,,,6,6338,,,,173.0,,,,,,,,559.0,,,,,,,4.0,35566.0,,,,,,,,
2007-10-01,,,,,17,12404,,,,473.0,,,,,,,7.0,1048.0,,,,,,,3.0,57280.0,,,,,,,,
2007-11-01,,,,,5,17082,,,,1033.0,,,,,,,1.0,1780.0,,,,,,,11.0,88473.0,,,,,,,,
2007-12-01,,,,,6,15996,,,,929.0,,,,,,,4.0,1915.0,,,,,,,14.0,112025.0,,,,,,,,
2008-01-01,,,,10.0,10,18611,,,1.0,1571.0,,5.0,,,,1.0,8.0,2376.0,,,,,,11.0,7.0,144953.0,,25.0,,144.0,,,,
2008-02-01,,,,1563.0,18,16635,,,0.0,1181.0,,28.0,,25.0,,9.0,12.0,3972.0,,1.0,,11.0,,1399.0,4.0,109893.0,2.0,113.0,,859.0,,,,
2008-03-01,,,,2645.0,18,22874,,,1.0,1714.0,,71.0,1.0,254.0,,11.0,19.0,9313.0,,0.0,,95.0,,12725.0,3.0,83375.0,4.0,548.0,,1133.0,,,,
2008-04-01,,,10.0,9460.0,22,31727,,,2.0,2253.0,,120.0,3.0,508.0,,56.0,21.0,10156.0,,4.0,,171.0,2.0,28143.0,6.0,64532.0,3.0,926.0,2.0,4738.0,,,,
2008-05-01,,,6.0,21807.0,165,35560,,,0.0,1864.0,,45.0,7.0,1444.0,,74.0,26.0,8085.0,,7.0,,342.0,5.0,33351.0,5.0,74204.0,1.0,670.0,2.0,6154.0,,,,
2008-06-01,,,14.0,27461.0,22,30926,,,0.0,2895.0,,428.0,0.0,946.0,,249.0,25.0,11242.0,,2.0,,906.0,2.0,37939.0,4.0,74453.0,3.0,1162.0,9.0,14123.0,,,,
2008-07-01,,,10.0,25020.0,10,27827,,,2.0,2886.0,,105.0,6.0,1603.0,,387.0,36.0,13162.0,,5.0,,1644.0,1.0,38002.0,4.0,69812.0,1.0,1645.0,8.0,16598.0,,,,
2008-08-01,,,6.0,24150.0,14,28513,,,1.0,2661.0,,154.0,5.0,1601.0,,554.0,28.0,11256.0,,19.0,1.0,1904.0,4.0,38207.0,3.0,76559.0,5.0,1218.0,9.0,18919.0,,,,
2008-09-01,,,4.0,24122.0,10,28465,,,1.0,3062.0,,306.0,2.0,1596.0,,668.0,33.0,14328.0,,18.0,0.0,2478.0,2.0,32215.0,5.0,122194.0,3.0,1347.0,2.0,23719.0,,,,
2008-10-01,,,22.0,27441.0,16,28881,,,3.0,3009.0,,248.0,1.0,1512.0,,1011.0,47.0,15908.0,,2.0,0.0,2371.0,4.0,28605.0,5.0,143675.0,1.0,2033.0,6.0,30723.0,,,,
2008-11-01,,,10.0,25549.0,20,30051,,,1.0,3728.0,,779.0,7.0,2333.0,,1116.0,85.0,18350.0,,12.0,0.0,2698.0,0.0,39885.0,3.0,105362.0,7.0,1783.0,10.0,34824.0,,,,
2008-12-01,,,12.0,33362.0,19,33725,,,1.0,2912.0,,1009.0,3.0,1468.0,,1686.0,27.0,19372.0,,14.0,0.0,3656.0,3.0,42641.0,6.0,67176.0,1.0,3008.0,20.0,62211.0,,16.0,,
2009-01-01,,,13.0,36402.0,25,33965,,,0.0,3659.0,,1206.0,7.0,2677.0,6.0,2684.0,67.0,24190.0,,13.0,1.0,4571.0,17.0,76578.0,8.0,86497.0,3.0,5069.0,14.0,82261.0,,164.0,,
2009-02-01,,,9.0,34813.0,14,35830,,,0.0,2680.0,,715.0,16.0,4197.0,1.0,2509.0,81.0,28259.0,,33.0,1.0,4310.0,14.0,51263.0,5.0,77855.0,4.0,5622.0,20.0,82020.0,,82.0,,
2009-03-01,,,32.0,41427.0,17,38766,,,0.0,3184.0,,1279.0,9.0,5994.0,0.0,2791.0,89.0,25175.0,,36.0,0.0,4690.0,2.0,48053.0,0.0,82233.0,9.0,5899.0,25.0,99029.0,,145.0,,
2009-04-01,,,30.0,35053.0,44,37402,,,0.0,3686.0,3.0,2514.0,14.0,4869.0,4.0,2965.0,83.0,26780.0,,89.0,0.0,4960.0,9.0,47842.0,4.0,80227.0,15.0,5253.0,25.0,130235.0,,1427.0,,
2009-05-01,,,40.0,30338.0,24,48005,,,0.0,3910.0,0.0,1888.0,17.0,6964.0,4.0,4319.0,116.0,37209.0,,40.0,0.0,5251.0,7.0,40552.0,3.0,83222.0,5.0,4495.0,33.0,172018.0,,1847.0,,
2009-06-01,,,18.0,36784.0,43,45010,,,0.0,3178.0,0.0,2659.0,12.0,6256.0,0.0,6975.0,304.0,52555.0,,49.0,0.0,5353.0,3.0,53478.0,6.0,92414.0,8.0,7113.0,53.0,146015.0,,2536.0,,
2009-07-01,,,24.0,47160.0,43,50523,,,0.0,4324.0,1.0,2736.0,12.0,7421.0,1.0,7431.0,137.0,55863.0,,105.0,0.0,6622.0,5.0,56581.0,7.0,103521.0,34.0,6839.0,31.0,176685.0,,4856.0,,
2009-08-01,,,21.0,41448.0,14,47318,,,2.0,3140.0,1.0,3146.0,25.0,9648.0,3.0,7758.0,139.0,56228.0,,171.0,0.0,6840.0,10.0,46669.0,5.0,124178.0,2.0,5442.0,49.0,304714.0,,7694.0,,
2009-09-01,,,37.0,40131.0,49,48308,,,0.0,871.0,2.0,6416.0,3.0,9038.0,8.0,9554.0,191.0,62924.0,,103.0,0.0,8675.0,6.0,47916.0,3.0,144365.0,12.0,5435.0,90.0,365304.0,3.0,10794.0,,
2009-10-01,,,21.0,35666.0,38,61393,,,2.0,3126.0,1.0,4297.0,26.0,11765.0,9.0,10193.0,270.0,73257.0,,220.0,0.0,9195.0,5.0,55218.0,4.0,114215.0,5.0,7560.0,102.0,450514.0,0.0,11056.0,,
2009-11-01,,,14.0,30767.0,44,57572,,,0.0,3305.0,3.0,4856.0,38.0,9897.0,9.0,11664.0,344.0,103623.0,,380.0,2.0,8482.0,8.0,52686.0,18.0,123988.0,17.0,6924.0,85.0,498084.0,5.0,11344.0,,
2009-12-01,,,31.0,37210.0,122,67477,,,0.0,3164.0,0.0,5866.0,28.0,10820.0,14.0,17632.0,335.0,112187.0,,421.0,1.0,7497.0,11.0,67205.0,8.0,129555.0,36.0,6430.0,93.0,558862.0,0.0,13601.0,,
2010-01-01,,,13.0,49710.0,39,70028,,,1.0,5144.0,2.0,10290.0,30.0,13696.0,7.0,16894.0,271.0,113877.0,,386.0,0.0,8453.0,8.0,65451.0,11.0,146922.0,15.0,9150.0,210.0,623825.0,3.0,16097.0,,
2010-02-01,,,40.0,38071.0,75,72123,,,0.0,3886.0,1.0,7250.0,18.0,10153.0,7.0,16259.0,401.0,117687.0,,356.0,0.0,7989.0,7.0,56169.0,7.0,133735.0,63.0,6845.0,84.0,571983.0,2.0,18063.0,,
2010-03-01,,,123.0,40235.0,23,71926,,,0.0,5388.0,0.0,9722.0,36.0,14025.0,13.0,22329.0,472.0,150672.0,,268.0,0.0,8739.0,13.0,69017.0,9.0,184497.0,2.0,6075.0,137.0,680055.0,4.0,25399.0,,
2010-04-01,,,33.0,47184.0,87,59806,11.0,910.0,6.0,5248.0,1.0,10874.0,17.0,12651.0,4.0,16041.0,370.0,137959.0,,446.0,0.0,8153.0,9.0,66465.0,8.0,172075.0,8.0,6531.0,160.0,609568.0,6.0,24499.0,,
2010-05-01,,,66.0,41477.0,44,61970,0.0,851.0,1.0,5169.0,5.0,7502.0,16.0,13561.0,1.0,15360.0,422.0,137873.0,,860.0,0.0,8844.0,2.0,69726.0,10.0,153493.0,2.0,5941.0,57.0,618301.0,2.0,21011.0,,
2010-06-01,,,65.0,44775.0,49,66993,0.0,1342.0,0.0,5539.0,19.0,11960.0,20.0,12320.0,7.0,16688.0,433.0,158023.0,,705.0,0.0,10553.0,10.0,79911.0,10.0,170725.0,4.0,5719.0,99.0,686219.0,1.0,24337.0,,
2010-07-01,,,9.0,45639.0,32,57789,3.0,1661.0,0.0,7406.0,2.0,14898.0,19.0,15505.0,6.0,30271.0,641.0,173494.0,,1322.0,0.0,12225.0,4.0,66751.0,17.0,155433.0,32.0,9561.0,112.0,839395.0,4.0,28763.0,,
2010-08-01,,,19.0,42287.0,133,56885,4.0,2472.0,1.0,7608.0,18.0,13650.0,9.0,10927.0,10.0,28322.0,371.0,156839.0,,988.0,1.0,12914.0,6.0,65546.0,7.0,166897.0,12.0,8090.0,137.0,856959.0,1.0,30985.0,,
2010-09-01,,,18.0,46624.0,30,60170,1.0,3843.0,4.0,8205.0,2.0,12679.0,83.0,14390.0,4.0,25372.0,571.0,171555.0,,1266.0,1.0,14647.0,6.0,62576.0,3.0,206643.0,20.0,9636.0,101.0,780008.0,3.0,37466.0,,
2010-10-01,,,87.0,45742.0,29,62801,7.0,6036.0,2.0,7904.0,3.0,13746.0,23.0,14522.0,12.0,28638.0,686.0,203424.0,,1517.0,4.0,17454.0,3.0,67291.0,9.0,210480.0,16.0,10718.0,93.0,810680.0,1.0,44529.0,,
2010-11-01,,,15.0,47641.0,28,66700,9.0,7166.0,0.0,8323.0,3.0,18313.0,25.0,17821.0,9.0,32193.0,790.0,244828.0,1.0,1990.0,0.0,15476.0,9.0,80233.0,19.0,243931.0,72.0,9668.0,87.0,875972.0,13.0,47765.0,,
2010-12-01,,,13.0,50166.0,19,65538,6.0,7001.0,8.0,9832.0,6.0,21895.0,26.0,20321.0,17.0,34370.0,713.0,287401.0,0.0,1950.0,0.0,17082.0,5.0,93829.0,10.0,225594.0,29.0,12437.0,115.0,868018.0,7.0,49672.0,,
2011-01-01,,,40.0,57794.0,98,74373,28.0,16525.0,0.0,9341.0,1.0,15823.0,70.0,20592.0,9.0,41259.0,726.0,282681.0,0.0,2262.0,2.0,19297.0,7.0,99724.0,12.0,249219.0,39.0,10257.0,134.0,951063.0,7.0,55756.0,,
2011-02-01,,,214.0,52585.0,150,46347,47.0,25366.0,1.0,9281.0,9.0,16143.0,13.0,15183.0,10.0,37100.0,629.0,246898.0,0.0,1897.0,1.0,14559.0,11.0,104610.0,12.0,254932.0,23.0,9604.0,306.0,962095.0,11.0,68882.0,,
2011-03-01,,,22.0,53487.0,12,45315,55.0,33452.0,2.0,6951.0,1.0,24300.0,4.0,14221.0,2.0,32956.0,811.0,296774.0,0.0,2166.0,1.0,17500.0,11.0,153477.0,25.0,316521.0,20.0,11249.0,179.0,1187168.0,17.0,97398.0,,
2011-04-01,,,17.0,41963.0,19,41159,64.0,32456.0,1.0,5934.0,2.0,23760.0,44.0,13504.0,7.0,31651.0,748.0,328187.0,0.0,3014.0,1.0,14659.0,159.0,112089.0,22.0,276770.0,18.0,12286.0,157.0,1113896.0,11.0,111621.0,,
2011-05-01,,,39.0,50717.0,62,45463,33.0,40193.0,0.0,6904.0,2.0,21991.0,22.0,17798.0,9.0,39040.0,688.0,369690.0,0.0,3090.0,3.0,19901.0,74.0,134407.0,19.0,299355.0,16.0,13558.0,192.0,1461819.0,17.0,130072.0,,
2011-06-01,,,23.0,56559.0,24,41261,58.0,41711.0,0.0,6542.0,6.0,24831.0,23.0,17135.0,10.0,44622.0,837.0,464487.0,0.0,2453.0,6.0,18007.0,18.0,130947.0,21.0,315783.0,18.0,13381.0,238.0,1648342.0,11.0,132007.0,,
2011-07-01,,,44.0,50856.0,53,36687,34.0,49321.0,0.0,5934.0,9.0,22754.0,63.0,15528.0,24.0,52600.0,936.0,433675.0,0.0,2526.0,1.0,22838.0,19.0,136105.0,15.0,347975.0,10.0,10139.0,202.0,1552044.0,20.0,123073.0,8.0,18460.0
2011-08-01,,,51.0,52464.0,24,37336,30.0,45576.0,1.0,9124.0,2.0,23822.0,28.0,19605.0,13.0,41884.0,767.0,529818.0,0.0,3374.0,0.0,21493.0,56.0,158142.0,14.0,307820.0,6.0,9357.0,162.0,1801031.0,20.0,159786.0,14.0,40140.0
2011-09-01,,,27.0,47479.0,37,35588,47.0,42748.0,0.0,5949.0,5.0,21225.0,26.0,14189.0,15.0,41115.0,783.0,464689.0,0.0,4883.0,11.0,21065.0,16.0,142786.0,23.0,291299.0,94.0,12580.0,197.0,1795766.0,40.0,153302.0,15.0,26683.0
2011-10-01,,,99.0,62447.0,12,31492,34.0,64069.0,2.0,6572.0,0.0,21540.0,25.0,15923.0,7.0,42519.0,729.0,491778.0,0.0,5166.0,1.0,26567.0,55.0,134291.0,38.0,394523.0,19.0,14874.0,204.0,1864128.0,10.0,168272.0,13.0,26992.0
2011-11-01,,,38.0,68045.0,110,50398,78.0,82647.0,3.0,6802.0,4.0,21597.0,61.0,11137.0,14.0,57136.0,837.0,590160.0,0.0,4398.0,0.0,24820.0,53.0,137686.0,29.0,360573.0,31.0,14275.0,186.0,1742809.0,36.0,146991.0,40.0,27888.0
2011-12-01,2.0,56.0,56.0,86095.0,30,47186,34.0,79254.0,3.0,7303.0,2.0,27038.0,78.0,13187.0,32.0,85973.0,564.0,526142.0,2.0,5071.0,2.0,24737.0,27.0,158037.0,35.0,437168.0,41.0,19320.0,141.0,1845280.0,19.0,170597.0,20.0,30075.0
2012-01-01,2.0,88.0,21.0,99261.0,82,53501,53.0,69292.0,0.0,8117.0,5.0,26308.0,57.0,11188.0,16.0,102658.0,500.0,516787.0,1.0,7088.0,6.0,26386.0,13.0,169034.0,21.0,490565.0,107.0,20903.0,173.0,2086432.0,34.0,164759.0,23.0,33696.0
2012-02-01,2.0,239.0,60.0,98655.0,35,60669,33.0,79002.0,4.0,6130.0,4.0,22108.0,25.0,11783.0,10.0,95967.0,573.0,512379.0,3.0,6437.0,4.0,28212.0,21.0,157303.0,24.0,389673.0,49.0,17193.0,218.0,2157772.0,16.0,181045.0,15.0,35825.0
2012-03-01,6.0,388.0,69.0,115714.0,17,58304,115.0,84013.0,5.0,6056.0,4.0,27557.0,47.0,12758.0,32.0,108325.0,731.0,629537.0,0.0,6921.0,4.0,32702.0,16.0,167929.0,50.0,449802.0,28.0,18073.0,233.0,2351809.0,20.0,204036.0,13.0,37019.0
2012-04-01,16.0,1094.0,123.0,105653.0,50,69946,52.0,82857.0,4.0,5861.0,4.0,23996.0,24.0,10066.0,36.0,115687.0,518.0,575817.0,0.0,6852.0,1.0,38543.0,16.0,160956.0,29.0,370597.0,62.0,18670.0,261.0,2491857.0,34.0,212222.0,37.0,30658.0
2012-05-01,27.0,1694.0,56.0,119344.0,21,70967,28.0,71884.0,2.0,5481.0,3.0,28818.0,38.0,11937.0,30.0,154150.0,581.0,610472.0,4.0,9717.0,2.0,40428.0,36.0,190601.0,34.0,407570.0,28.0,18042.0,363.0,2902931.0,43.0,254449.0,8.0,32923.0
2012-06-01,39.0,2548.0,73.0,146936.0,46,74050,21.0,64173.0,2.0,6950.0,4.0,26517.0,19.0,15276.0,95.0,182512.0,848.0,725191.0,3.0,8332.0,1.0,40621.0,11.0,192127.0,27.0,417406.0,60.0,19455.0,350.0,3277865.0,133.0,252136.0,23.0,36312.0
2012-07-01,57.0,3530.0,44.0,154792.0,25,73998,45.0,65663.0,4.0,6619.0,7.0,30222.0,23.0,12211.0,38.0,211700.0,797.0,900009.0,0.0,9023.0,6.0,63451.0,13.0,194168.0,24.0,499094.0,55.0,19720.0,411.0,3447621.0,35.0,315156.0,20.0,39660.0
2012-08-01,1147.0,11594.0,87.0,168998.0,61,91247,54.0,66565.0,0.0,5965.0,12.0,33492.0,19.0,13659.0,50.0,216260.0,573.0,677619.0,2.0,8683.0,5.0,58244.0,37.0,247466.0,41.0,604885.0,56.0,16865.0,427.0,3743122.0,21.0,335358.0,20.0,50317.0
2012-09-01,238.0,8020.0,95.0,177140.0,24,81375,38.0,58063.0,0.0,7583.0,4.0,21515.0,23.0,11658.0,53.0,172784.0,639.0,608099.0,0.0,8764.0,4.0,55191.0,31.0,287433.0,21.0,552764.0,60.0,15583.0,427.0,3146363.0,21.0,307876.0,17.0,48229.0
2012-10-01,214.0,9250.0,88.0,156223.0,32,83268,35.0,63187.0,3.0,7833.0,12.0,22590.0,42.0,14891.0,41.0,183852.0,589.0,569662.0,2.0,10007.0,0.0,48895.0,23.0,230617.0,30.0,614150.0,47.0,14887.0,354.0,3203595.0,71.0,326844.0,5.0,44229.0
2012-11-01,159.0,7328.0,182.0,160700.0,97,79410,11.0,51444.0,0.0,7923.0,15.0,26225.0,43.0,11180.0,51.0,201534.0,693.0,640522.0,0.0,9004.0,5.0,42578.0,37.0,272576.0,29.0,601005.0,35.0,15864.0,343.0,3213379.0,36.0,304282.0,10.0,42939.0
2012-12-01,299.0,12024.0,191.0,159448.0,50,79759,13.0,48056.0,1.0,7060.0,0.0,28850.0,25.0,12161.0,52.0,194728.0,636.0,658034.0,1.0,8617.0,1.0,68637.0,37.0,276976.0,17.0,472549.0,88.0,18844.0,486.0,3508359.0,59.0,346063.0,44.0,48108.0
2013-01-01,420.0,12941.0,146.0,203171.0,44,89840,9.0,52015.0,0.0,7811.0,2.0,29399.0,22.0,12939.0,42.0,211542.0,635.0,703461.0,0.0,10674.0,2.0,65623.0,52.0,280247.0,36.0,506809.0,67.0,23832.0,570.0,4372126.0,40.0,384907.0,4.0,61035.0
2013-02-01,173.0,12095.0,171.0,197048.0,115,76238,15.0,42916.0,0.0,6211.0,2.0,26331.0,39.0,13378.0,50.0,175097.0,673.0,595258.0,5.0,8719.0,1.0,89314.0,57.0,285097.0,32.0,433931.0,53.0,20643.0,525.0,3546840.0,44.0,380525.0,19.0,49436.0
2013-03-01,222.0,13809.0,153.0,197135.0,27,90009,17.0,45333.0,0.0,7489.0,1.0,27123.0,45.0,11638.0,49.0,196159.0,1033.0,676814.0,7.0,8841.0,2.0,69717.0,55.0,368511.0,21.0,418384.0,16.0,16322.0,544.0,4010604.0,50.0,416853.0,19.0,56990.0
2013-04-01,254.0,14587.0,107.0,199333.0,59,100134,22.0,49562.0,1.0,5478.0,5.0,24922.0,25.0,12749.0,79.0,207198.0,1100.0,654302.0,0.0,10642.0,6.0,248829.0,88.0,507245.0,56.0,455869.0,17.0,13136.0,433.0,3995359.0,48.0,431953.0,10.0,58632.0
2013-05-01,325.0,19763.0,183.0,210553.0,26,99332,31.0,42737.0,2.0,6278.0,5.0,24020.0,35.0,13807.0,89.0,244021.0,1104.0,784370.0,1.0,13012.0,17.0,184904.0,58.0,397357.0,37.0,440744.0,6.0,12776.0,474.0,3940227.0,65.0,425447.0,12.0,49629.0
2013-06-01,366.0,15135.0,109.0,205850.0,61,82450,32.0,40002.0,3.0,6585.0,6.0,29263.0,34.0,14062.0,70.0,212144.0,2218.0,1454977.0,1.0,9449.0,19.0,161356.0,112.0,334723.0,50.0,414190.0,65.0,12170.0,493.0,3904314.0,65.0,418554.0,12.0,46742.0
2013-07-01,393.0,14857.0,96.0,170219.0,56,99453,1.0,42897.0,0.0,5619.0,4.0,60138.0,44.0,15521.0,124.0,282376.0,1843.0,988879.0,1.0,22389.0,15.0,227390.0,54.0,399545.0,62.0,417265.0,43.0,12127.0,526.0,4336740.0,80.0,461472.0,34.0,92802.0
2013-08-01,412.0,20575.0,87.0,210999.0,62,96671,10.0,50458.0,0.0,6176.0,14.0,77700.0,42.0,14855.0,177.0,259369.0,1274.0,798010.0,2.0,31279.0,23.0,200960.0,69.0,391544.0,38.0,325334.0,41.0,12422.0,691.0,3930570.0,64.0,436515.0,36.0,139693.0
2013-09-01,381.0,18766.0,162.0,188295.0,64,92580,5.0,43049.0,0.0,6174.0,11.0,53355.0,34.0,10799.0,54.0,192048.0,943.0,714819.0,2.0,35611.0,13.0,189442.0,36.0,408585.0,19.0,289758.0,12.0,9587.0,510.0,3552662.0,100.0,357889.0,134.0,132135.0
2013-10-01,379.0,15154.0,264.0,210055.0,27,98046,50.0,39430.0,0.0,6254.0,15.0,58356.0,54.0,14792.0,46.0,214783.0,874.0,611508.0,10.0,38188.0,26.0,256961.0,57.0,359518.0,25.0,383427.0,40.0,10637.0,803.0,4095538.0,54.0,459103.0,57.0,148750.0
2013-11-01,317.0,22548.0,96.0,209942.0,18,75544,5.0,43015.0,1.0,5934.0,16.0,55879.0,21.0,15132.0,39.0,212137.0,1041.0,801638.0,11.0,55822.0,27.0,221877.0,74.0,344022.0,18.0,246923.0,21.0,10682.0,747.0,4129483.0,56.0,435105.0,77.0,132576.0
2013-12-01,513.0,18140.0,172.0,217185.0,15,74569,9.0,42665.0,4.0,7801.0,15.0,62008.0,53.0,12882.0,126.0,240583.0,746.0,593319.0,6.0,45989.0,25.0,244224.0,40.0,389555.0,24.0,231486.0,96.0,12503.0,661.0,4306039.0,96.0,450177.0,60.0,161385.0
2014-01-01,673.0,21230.0,355.0,239017.0,15,86906,38.0,51420.0,3.0,7860.0,16.0,72829.0,76.0,12279.0,167.0,257928.0,949.0,621818.0,4.0,54287.0,20.0,264845.0,111.0,440292.0,35.0,250320.0,77.0,10649.0,676.0,4392050.0,62.0,484446.0,39.0,177732.0
2014-02-01,342.0,15134.0,224.0,201045.0,20,79451,40.0,49114.0,1.0,6255.0,7.0,53837.0,84.0,13536.0,132.0,214946.0,1141.0,500579.0,9.0,49489.0,37.0,240164.0,67.0,346169.0,26.0,209800.0,20.0,8946.0,676.0,3730143.0,50.0,408765.0,95.0,156739.0
2014-03-01,569.0,22127.0,266.0,233781.0,18,95816,31.0,56898.0,1.0,6566.0,18.0,81314.0,47.0,12690.0,50.0,245404.0,852.0,511765.0,5.0,54645.0,24.0,343530.0,107.0,639733.0,15.0,214429.0,35.0,10795.0,586.0,4137213.0,116.0,476573.0,55.0,187461.0
2014-04-01,621.0,20558.0,177.0,188801.0,78,89943,13.0,54320.0,1.0,5916.0,17.0,71807.0,50.0,12490.0,131.0,248594.0,715.0,428171.0,4.0,61772.0,12.0,306415.0,65.0,438622.0,29.0,234795.0,61.0,8444.0,755.0,4240732.0,92.0,470928.0,101.0,160125.0
2014-05-01,657.0,43903.0,103.0,143746.0,100,77195,15.0,53608.0,3.0,13267.0,24.0,83024.0,26.0,12331.0,63.0,284265.0,789.0,443167.0,14.0,59598.0,73.0,273893.0,672.0,450551.0,58.0,208054.0,106.0,20029.0,778.0,4100290.0,51.0,481337.0,80.0,171783.0
2014-06-01,629.0,42587.0,211.0,122650.0,41,78943,2.0,45291.0,1.0,17592.0,22.0,66127.0,117.0,10755.0,71.0,253548.0,881.0,513802.0,15.0,49245.0,20.0,326152.0,98.0,407088.0,26.0,238573.0,131.0,16793.0,704.0,4075383.0,85.0,447316.0,53.0,176826.0
2014-07-01,810.0,50913.0,182.0,129235.0,25,73684,20.0,40794.0,5.0,23404.0,8.0,80830.0,57.0,12451.0,276.0,288717.0,897.0,434699.0,11.0,63577.0,39.0,334540.0,114.0,778955.0,25.0,240518.0,47.0,16813.0,970.0,4829146.0,103.0,509263.0,57.0,208484.0
2014-08-01,1094.0,45724.0,144.0,153822.0,65,75157,31.0,46403.0,31.0,20185.0,22.0,71034.0,115.0,12079.0,99.0,320932.0,715.0,488487.0,9.0,61653.0,35.0,429003.0,154.0,756978.0,32.0,216458.0,93.0,17579.0,797.0,4658614.0,101.0,505326.0,109.0,190486.0
2014-09-01,474.0,40718.0,59.0,164441.0,104,95730,11.0,45444.0,12.0,32307.0,21.0,68427.0,53.0,9282.0,96.0,259859.0,541.0,348863.0,10.0,58408.0,37.0,393211.0,75.0,625737.0,31.0,195318.0,50.0,13905.0,607.0,3994094.0,90.0,444843.0,51.0,178618.0
2014-10-01,719.0,44157.0,317.0,158760.0,46,84986,12.0,47977.0,6.0,26570.0,41.0,55050.0,70.0,10488.0,305.0,276013.0,594.0,328927.0,15.0,73514.0,68.0,414994.0,349.0,582970.0,20.0,207781.0,39.0,20861.0,809.0,3918782.0,76.0,467260.0,48.0,189797.0
2014-11-01,1202.0,43477.0,259.0,139878.0,15,72630,11.0,47642.0,8.0,21466.0,24.0,63871.0,52.0,11139.0,194.0,307992.0,542.0,384742.0,3.0,63870.0,33.0,441544.0,120.0,464014.0,11.0,256737.0,42.0,13752.0,662.0,3647570.0,135.0,426981.0,75.0,182657.0
2014-12-01,1462.0,49846.0,1156.0,153048.0,42,78060,141.0,43613.0,1.0,21640.0,16.0,71930.0,62.0,13267.0,130.0,357879.0,490.0,369259.0,12.0,82100.0,84.0,491026.0,341.0,546618.0,20.0,204419.0,48.0,15586.0,767.0,4033299.0,128.0,489047.0,99.0,218762.0
2015-01-01,1806.0,52346.0,230.0,152611.0,43,89549,23.0,50160.0,5.0,27069.0,44.0,78575.0,42.0,12478.0,148.0,370381.0,721.0,383858.0,22.0,70940.0,59.0,441657.0,302.0,670869.0,23.0,220647.0,132.0,24192.0,909.0,4712729.0,276.0,599295.0,508.0,233883.0
2015-02-01,1970.0,54062.0,255.0,153469.0,104,87412,13.0,50590.0,8.0,23400.0,21.0,57680.0,28.0,11890.0,106.0,333552.0,647.0,372998.0,17.0,84337.0,41.0,405582.0,112.0,546080.0,50.0,197702.0,113.0,13908.0,904.0,3884138.0,176.0,489837.0,97.0,199511.0
2015-03-01,1412.0,61942.0,396.0,155711.0,23,100932,11.0,52080.0,10.0,22734.0,27.0,66975.0,49.0,12104.0,335.0,322439.0,578.0,381865.0,16.0,90599.0,87.0,471788.0,156.0,570683.0,20.0,243707.0,211.0,19945.0,1171.0,4110324.0,259.0,558041.0,101.0,228661.0
2015-04-01,1223.0,59075.0,118.0,143946.0,23,78456,44.0,55084.0,4.0,24363.0,22.0,85854.0,131.0,14509.0,353.0,388167.0,703.0,447395.0,29.0,87407.0,62.0,569881.0,251.0,496262.0,26.0,250930.0,81.0,19176.0,1456.0,4158851.0,88.0,514278.0,87.0,211747.0
2015-05-01,1784.0,75001.0,419.0,137142.0,435,89413,81.0,53017.0,9.0,25173.0,27.0,72193.0,400.0,11893.0,1081.0,376601.0,487.0,361264.0,33.0,96754.0,79.0,548287.0,170.0,490346.0,26.0,244927.0,90.0,16943.0,1232.0,4234943.0,193.0,519899.0,91.0,223148.0
2015-06-01,1607.0,66115.0,495.0,140422.0,73,81042,7.0,45731.0,12.0,25755.0,14.0,67683.0,76.0,14116.0,212.0,322457.0,660.0,524641.0,25.0,113161.0,96.0,581187.0,130.0,524528.0,31.0,283548.0,105.0,17570.0,1098.0,4140431.0,171.0,470202.0,94.0,213406.0
2015-07-01,2665.0,67026.0,226.0,204302.0,1830,92715,33.0,57506.0,5.0,25820.0,36.0,86849.0,259.0,11847.0,232.0,399828.0,559.0,387310.0,27.0,91513.0,244.0,611569.0,810.0,572139.0,33.0,337658.0,76.0,14569.0,1457.0,4377930.0,160.0,533598.0,691.0,232282.0
2015-08-01,1395.0,56303.0,179.0,162453.0,95,80139,49.0,57130.0,41.0,24364.0,45.0,78081.0,72.0,10703.0,164.0,387407.0,645.0,366750.0,21.0,101748.0,83.0,613712.0,130.0,538333.0,42.0,382764.0,37.0,15508.0,1113.0,4269060.0,113.0,544576.0,323.0,217703.0
2015-09-01,916.0,61724.0,197.0,148485.0,24,79722,22.0,50162.0,17.0,28443.0,19.0,57313.0,46.0,11445.0,187.0,308777.0,561.0,354836.0,27.0,115506.0,84.0,542414.0,131.0,618790.0,28.0,411708.0,115.0,16050.0,1326.0,3949489.0,377.0,529890.0,153.0,217125.0
2015-10-01,1333.0,78711.0,79.0,165993.0,586,105117,34.0,52747.0,128.0,29447.0,20.0,56015.0,92.0,11284.0,128.0,372576.0,665.0,400557.0,36.0,98320.0,86.0,608464.0,243.0,633161.0,58.0,530228.0,223.0,16586.0,1068.0,4058659.0,112.0,515580.0,91.0,219586.0
2015-11-01,773.0,65039.0,186.0,125742.0,22,88565,28.0,47043.0,22.0,29877.0,30.0,63913.0,59.0,10021.0,161.0,356381.0,925.0,481903.0,18.0,102633.0,73.0,665606.0,468.0,818110.0,77.0,504971.0,161.0,15042.0,1153.0,4072778.0,91.0,455799.0,133.0,221704.0
2015-12-01,1393.0,70597.0,456.0,151215.0,21,84129,15.0,49664.0,8.0,29808.0,22.0,68060.0,47.0,16263.0,259.0,538616.0,602.0,392822.0,15.0,109631.0,100.0,804649.0,181.0,639233.0,39.0,586805.0,84.0,13896.0,1086.0,4412697.0,404.0,517083.0,200.0,222400.0
2016-01-01,1026.0,69621.0,157.0,143404.0,281,84261,16.0,48881.0,11.0,23257.0,28.0,80222.0,86.0,13572.0,274.0,482486.0,532.0,356731.0,45.0,121921.0,153.0,719681.0,191.0,765418.0,51.0,763624.0,197.0,16576.0,1295.0,4713176.0,109.0,544662.0,118.0,225730.0
2016-02-01,1416.0,76261.0,681.0,166167.0,153,86158,12.0,47574.0,34.0,24442.0,62.0,67698.0,36.0,10768.0,196.0,431584.0,655.0,330173.0,17.0,116982.0,160.0,573913.0,295.0,523743.0,115.0,1306979.0,97.0,14906.0,1125.0,4217458.0,139.0,496227.0,127.0,201438.0
2016-03-01,2804.0,79230.0,1135.0,142963.0,91,85202,36.0,47749.0,22.0,28539.0,133.0,68882.0,59.0,12373.0,231.0,493253.0,659.0,377852.0,34.0,118967.0,220.0,560741.0,1914.0,609560.0,185.0,1630365.0,88.0,17185.0,1669.0,4411186.0,140.0,514174.0,251.0,194052.0
2016-04-01,1298.0,84006.0,180.0,140830.0,136,95052,13.0,43897.0,38.0,32991.0,32.0,71821.0,61.0,9958.0,183.0,486981.0,711.0,380710.0,26.0,112497.0,184.0,517184.0,238.0,543268.0,149.0,1325274.0,74.0,14348.0,1828.0,4399509.0,182.0,499431.0,129.0,173963.0
2016-05-01,1822.0,86675.0,359.0,152865.0,62,84759,12.0,42645.0,27.0,28195.0,34.0,65972.0,80.0,10674.0,277.0,455249.0,1052.0,481148.0,24.0,123177.0,325.0,580117.0,251.0,585533.0,177.0,1286712.0,263.0,15874.0,1248.0,4504291.0,239.0,513393.0,176.0,166326.0
2016-06-01,1854.0,83733.0,448.0,154349.0,295,73415,12.0,48091.0,149.0,29315.0,14.0,71825.0,93.0,10043.0,163.0,417320.0,836.0,479077.0,27.0,123232.0,123.0,720563.0,247.0,731553.0,148.0,1360553.0,331.0,16579.0,1299.0,4595724.0,175.0,462229.0,137.0,148820.0
2016-07-01,1358.0,78961.0,343.0,155670.0,58,89831,13.0,48321.0,15.0,30777.0,19.0,70896.0,57.0,11967.0,132.0,480236.0,579.0,396168.0,32.0,132081.0,88.0,768703.0,310.0,864721.0,171.0,1876939.0,66.0,21976.0,1051.0,4886957.0,83.0,431973.0,162.0,131070.0
2016-08-01,1786.0,89328.0,209.0,135489.0,75,95074,27.0,45982.0,13.0,29761.0,27.0,84680.0,70.0,10978.0,162.0,539455.0,810.0,461656.0,24.0,163483.0,207.0,582453.0,171.0,677008.0,146.0,1465028.0,174.0,17357.0,1381.0,5116322.0,100.0,458352.0,245.0,134492.0
2016-09-01,2262.0,87098.0,264.0,162137.0,56,88100,18.0,49157.0,26.0,41597.0,113.0,66714.0,67.0,10300.0,205.0,350594.0,673.0,399526.0,35.0,153585.0,119.0,572037.0,245.0,602345.0,202.0,1798969.0,95.0,13083.0,1426.0,4529096.0,553.0,439044.0,133.0,122993.0
2016-10-01,3100.0,104994.0,345.0,159957.0,44,72083,27.0,41005.0,30.0,52615.0,64.0,71108.0,44.0,8508.0,142.0,322114.0,954.0,470172.0,95.0,145606.0,161.0,541114.0,635.0,602987.0,267.0,2248505.0,181.0,15802.0,1530.0,4755738.0,316.0,439086.0,98.0,130116.0
2016-11-01,2723.0,140319.0,595.0,178045.0,144,82337,493.0,45159.0,34.0,29414.0,61.0,64321.0,26.0,10118.0,175.0,322840.0,861.0,443280.0,66.0,178783.0,205.0,636531.0,361.0,620626.0,433.0,2654567.0,206.0,21656.0,1457.0,4738072.0,135.0,425345.0,77.0,137958.0
2016-12-01,3008.0,134993.0,374.0,162635.0,55,90410,17.0,43586.0,61.0,41847.0,36.0,79309.0,35.0,11384.0,298.0,416695.0,791.0,484584.0,80.0,164930.0,184.0,620686.0,260.0,766258.0,423.0,1797923.0,79.0,14728.0,2211.0,5121161.0,131.0,481198.0,117.0,159141.0
2017-01-01,2591.0,126124.0,369.0,170450.0,767,87618,62.0,49212.0,26.0,39593.0,43.0,89458.0,57.0,10350.0,104.0,404581.0,652.0,504531.0,40.0,168433.0,228.0,946227.0,401.0,1019006.0,258.0,2230022.0,66.0,21419.0,1963.0,5313830.0,123.0,489336.0,99.0,163318.0
2017-02-01,2086.0,121920.0,687.0,139259.0,95,86215,18.0,42911.0,34.0,27607.0,97.0,83071.0,47.0,9486.0,136.0,399193.0,731.0,418854.0,40.0,192469.0,126.0,796761.0,260.0,836502.0,358.0,1970905.0,201.0,22370.0,1691.0,4450117.0,137.0,456833.0,286.0,152368.0
2017-03-01,2910.0,115929.0,737.0,178170.0,94,97784,74.0,49470.0,109.0,30264.0,23.0,77423.0,57.0,14752.0,233.0,477516.0,830.0,562149.0,28.0,174963.0,224.0,659546.0,889.0,819574.0,412.0,1822765.0,254.0,21560.0,1644.0,5139326.0,507.0,483598.0,133.0,170652.0
2017-04-01,1575.0,88855.0,407.0,127458.0,157,105017,15.0,50908.0,39.0,41457.0,54.0,91827.0,44.0,10708.0,137.0,345106.0,854.0,470602.0,62.0,159893.0,233.0,722775.0,278.0,868838.0,331.0,1411121.0,103.0,17024.0,2162.0,5062192.0,124.0,477476.0,141.0,150649.0
2017-05-01,1985.0,110433.0,449.0,139136.0,70,91449,19.0,49821.0,121.0,28913.0,25.0,84811.0,43.0,9065.0,293.0,397599.0,678.0,464366.0,70.0,216249.0,250.0,738581.0,418.0,988519.0,288.0,2030187.0,65.0,16107.0,1799.0,5477121.0,163.0,496047.0,333.0,149208.0
2017-06-01,1902.0,117869.0,592.0,125125.0,112,105277,122.0,58149.0,107.0,37715.0,34.0,70676.0,62.0,7895.0,124.0,404619.0,816.0,576207.0,75.0,168260.0,179.0,755004.0,293.0,909940.0,239.0,1818667.0,38.0,14185.0,1725.0,5236463.0,130.0,454635.0,105.0,133927.0
2017-07-01,3463.0,87475.0,3418.0,127139.0,66,107387,9.0,48231.0,114.0,30978.0,37.0,86259.0,68.0,10482.0,324.0,461876.0,635.0,423183.0,68.0,220545.0,573.0,647178.0,359.0,742803.0,301.0,1711021.0,75.0,14222.0,1952.0,5467148.0,228.0,492166.0,175.0,132028.0
2017-08-01,2403.0,78575.0,588.0,154170.0,79,112192,16.0,48557.0,53.0,27217.0,104.0,86788.0,56.0,9744.0,180.0,393650.0,703.0,459526.0,62.0,200879.0,215.0,860524.0,2458.0,741489.0,346.0,1824183.0,347.0,18059.0,2368.0,5251325.0,169.0,466621.0,91.0,116235.0
2017-09-01,1886.0,96642.0,388.0,142947.0,132,115390,10.0,46936.0,37.0,48229.0,39.0,81035.0,69.0,15154.0,160.0,375149.0,545.0,440709.0,41.0,200070.0,315.0,760510.0,941.0,743358.0,419.0,1339216.0,248.0,19566.0,2159.0,4761416.0,237.0,468165.0,188.0,112811.0
2017-10-01,2358.0,98416.0,489.0,129430.0,216,122227,11.0,48349.0,95.0,41941.0,57.0,76470.0,109.0,14297.0,747.0,405317.0,662.0,551013.0,45.0,222215.0,225.0,914166.0,601.0,761347.0,355.0,1587025.0,274.0,17096.0,1967.0,4827533.0,180.0,444382.0,79.0,86169.0
2017-11-01,2943.0,96733.0,369.0,160754.0,106,125703,30.0,50027.0,68.0,36507.0,62.0,82729.0,73.0,8937.0,206.0,468864.0,996.0,808717.0,53.0,280782.0,267.0,817246.0,1764.0,790343.0,338.0,1618003.0,256.0,16276.0,1980.0,5018200.0,537.0,544051.0,80.0,89996.0
2017-12-01,2044.0,99698.0,349.0,166768.0,161,112742,32.0,50680.0,47.0,33618.0,53.0,73874.0,66.0,11633.0,237.0,581236.0,746.0,593259.0,86.0,176532.0,273.0,775487.0,596.0,750840.0,264.0,1718151.0,154.0,19335.0,2212.0,5154549.0,209.0,465705.0,53.0,86205.0
2018-01-01,2276.0,111844.0,686.0,141021.0,139,118836,31.0,45704.0,58.0,34287.0,111.0,98800.0,71.0,12474.0,241.0,508580.0,763.0,529835.0,83.0,228140.0,252.0,786220.0,324.0,817698.0,335.0,1833155.0,81.0,14692.0,2279.0,5189011.0,182.0,531789.0,46.0,83118.0
2018-02-01,2757.0,95052.0,458.0,144462.0,592,112499,73.0,49012.0,40.0,36625.0,85.0,75307.0,111.0,13119.0,224.0,460481.0,597.0,537868.0,160.0,172307.0,285.0,884021.0,361.0,632136.0,407.0,1772210.0,245.0,15269.0,2103.0,4881605.0,187.0,530083.0,37.0,90835.0
2018-03-01,2645.0,123750.0,510.0,159786.0,131,128385,29.0,46955.0,153.0,34877.0,100.0,93601.0,46.0,9354.0,232.0,492160.0,1248.0,640622.0,160.0,168683.0,321.0,871283.0,590.0,858995.0,376.0,1979944.0,164.0,30129.0,2671.0,5372949.0,420.0,549412.0,85.0,89366.0
2018-04-01,2082.0,93317.0,484.0,135521.0,99,106749,11.0,41782.0,48.0,18249.0,71.0,78979.0,47.0,11148.0,239.0,472151.0,808.0,610583.0,96.0,164855.0,411.0,755737.0,1089.0,860540.0,384.0,1742590.0,92.0,17527.0,2039.0,5270793.0,180.0,550151.0,97.0,93334.0
2018-05-01,1237.0,84283.0,536.0,144157.0,133,97354,19.0,43222.0,116.0,31493.0,52.0,90809.0,93.0,16094.0,221.0,464060.0,886.0,716857.0,60.0,218073.0,251.0,794269.0,439.0,902518.0,381.0,1722110.0,406.0,19946.0,2446.0,5518935.0,238.0,539402.0,104.0,89079.0
2018-06-01,2043.0,77394.0,530.0,131567.0,105,106488,104.0,43268.0,32.0,27838.0,40.0,78623.0,67.0,14540.0,235.0,405987.0,905.0,828268.0,51.0,182573.0,253.0,811815.0,454.0,1062784.0,387.0,2031934.0,122.0,20048.0,2182.0,5348028.0,127.0,469375.0,62.0,90496.0
2018-07-01,1175.0,89899.0,590.0,155088.0,104,141910,20.0,38526.0,60.0,31397.0,55.0,84008.0,106.0,15415.0,199.0,519702.0,733.0,635768.0,49.0,174493.0,182.0,802742.0,468.0,1079831.0,413.0,2048489.0,393.0,21293.0,1872.0,5652408.0,144.0,501654.0,45.0,93639.0
2018-08-01,1207.0,97329.0,196.0,162301.0,79,154570,9.0,41194.0,70.0,31309.0,26.0,72274.0,222.0,13123.0,171.0,402529.0,698.0,628372.0,24.0,167615.0,169.0,805752.0,447.0,890677.0,337.0,1969566.0,169.0,20072.0,1935.0,5765526.0,268.0,570018.0,56.0,82372.0
2018-09-01,1258.0,102157.0,355.0,154483.0,98,110677,135.0,35002.0,34.0,30074.0,28.0,68040.0,50.0,9988.0,180.0,385892.0,752.0,711163.0,87.0,148009.0,166.0,618991.0,743.0,807132.0,287.0,2245297.0,92.0,18697.0,2492.0,5239694.0,169.0,515023.0,68.0,79283.0
2018-10-01,1271.0,98442.0,575.0,139726.0,141,128346,11.0,38091.0,68.0,32278.0,61.0,72544.0,156.0,11432.0,116.0,363918.0,677.0,693735.0,31.0,159497.0,340.0,758533.0,905.0,834164.0,341.0,2208780.0,195.0,13291.0,2151.0,5834041.0,159.0,530180.0,57.0,85685.0
2018-11-01,1402.0,92589.0,342.0,110920.0,67,107122,11.0,41245.0,79.0,29988.0,34.0,66455.0,41.0,8182.0,205.0,339471.0,801.0,836769.0,38.0,133031.0,211.0,730270.0,520.0,850529.0,263.0,2242148.0,42.0,13448.0,2374.0,5615438.0,214.0,508915.0,45.0,96958.0
2018-12-01,644.0,92908.0,448.0,131494.0,128,118250,6.0,39319.0,52.0,32815.0,44.0,82044.0,78.0,13735.0,168.0,459659.0,837.0,876285.0,60.0,138979.0,282.0,646910.0,462.0,856347.0,283.0,1856398.0,366.0,13468.0,2074.0,6003121.0,251.0,537275.0,109.0,103943.0
2019-01-01,1370.0,112917.0,665.0,147228.0,107,130999,38.0,48363.0,107.0,37943.0,101.0,116359.0,156.0,15071.0,150.0,468402.0,891.0,782731.0,52.0,145932.0,371.0,745642.0,561.0,911354.0,542.0,2670435.0,32.0,15316.0,2539.0,6969614.0,241.0,585388.0,147.0,101386.0
2019-02-01,2217.0,108333.0,533.0,134707.0,431,119460,17.0,38294.0,22.0,29620.0,30.0,55963.0,77.0,12890.0,222.0,445479.0,790.0,781667.0,64.0,143410.0,284.0,620350.0,474.0,726938.0,594.0,2224000.0,43.0,14080.0,3067.0,6092668.0,579.0,525414.0,92.0,86845.0
2019-03-01,1659.0,107705.0,720.0,144581.0,92,130499,43.0,46738.0,51.0,32606.0,22.0,70038.0,51.0,11562.0,231.0,474097.0,941.0,809241.0,61.0,148565.0,203.0,773857.0,693.0,1113851.0,520.0,2092409.0,60.0,13891.0,2137.0,6655630.0,203.0,590859.0,103.0,86166.0
2019-04-01,1292.0,102047.0,626.0,140659.0,145,156474,17.0,40239.0,26.0,33709.0,88.0,57124.0,93.0,9628.0,368.0,510046.0,693.0,670338.0,65.0,158243.0,276.0,601073.0,536.0,886035.0,433.0,1757892.0,211.0,15410.0,2731.0,6620143.0,149.0,516064.0,61.0,89261.0
2019-05-01,1940.0,107280.0,475.0,125815.0,356,159447,47.0,33419.0,102.0,36212.0,29.0,68353.0,81.0,10611.0,232.0,431486.0,647.0,574920.0,75.0,218658.0,232.0,606868.0,398.0,773045.0,477.0,1687479.0,82.0,16968.0,2726.0,6891945.0,213.0,487543.0,76.0,95845.0
2019-06-01,1945.0,98315.0,821.0,124127.0,107,136981,17.0,37614.0,34.0,37023.0,56.0,67367.0,89.0,11352.0,329.0,356860.0,646.0,667451.0,36.0,153386.0,202.0,627286.0,456.0,841639.0,483.0,1722091.0,62.0,14143.0,2344.0,7290460.0,208.0,445427.0,78.0,82442.0
2019-07-01,1170.0,103362.0,483.0,131889.0,186,155712,18.0,34065.0,18.0,26600.0,68.0,77020.0,64.0,10915.0,224.0,507722.0,735.0,611020.0,86.0,157358.0,227.0,688370.0,599.0,831574.0,424.0,2095722.0,117.0,14636.0,3113.0,8081676.0,169.0,507032.0,101.0,89647.0
2019-08-01,855.0,114716.0,512.0,132393.0,278,153658,28.0,30243.0,20.0,34739.0,31.0,60090.0,120.0,12784.0,187.0,418814.0,620.0,647529.0,67.0,174208.0,248.0,916530.0,595.0,912374.0,714.0,1959156.0,70.0,11888.0,2743.0,7753459.0,298.0,515881.0,91.0,98253.0
2019-09-01,1048.0,115602.0,684.0,115839.0,609,160400,194.0,30096.0,125.0,31094.0,68.0,56180.0,121.0,11908.0,164.0,328328.0,496.0,488070.0,52.0,149629.0,232.0,667663.0,462.0,832765.0,436.0,1797763.0,37.0,9366.0,2228.0,6461436.0,191.0,426744.0,216.0,83994.0
